P60 FFSOL PMER T2M VV850 HautSoleil HOUR rayth FLSOLAIRE_D PRECIP CAPE_INS HU950 CouvTot
1327.08635097493 1.0722 102040 290.27 0.128520876169205 37.1647944492328 8 369.635977329785 1828000 8.13151629364128e-20 9.30830001831055 64.7222671508789 A
550.632565206381 5.1946 101870 296.43 0.202581524848938 26.1338493872593 7 209.667108042988 1264000 8.13151629364128e-20 2.97657060623169 40.0239639282227 A
6.28859224127133e-17 6.8275 101190 276.16 0.911530494689941 -0.705454817436382 7 8.13151629364128e-20 8.13151629364128e-20 0.066407 4.64285707473755 74.2653121948242 B
1522.74651810585 0.46943 101760 299.86 0.480454117059708 25.9545709798141 17 133.350980676965 1521000 8.13151629364128e-20 32.2238693237305 28.0672149658203 A
6.28859224127133e-17 4.3941 101700 300.54 0.209854945540428 -14.6805069914036 20 8.13151629364128e-20 8.13151629364128e-20 8.13151629364128e-20 8.13151629364128e-20 24.283260345459 A
442.362116991643 4.0795 101850 288.89 0.795340001583099 9.4432081644761 18 0.446745489658126 595000 8.13151629364128e-20 1 40.0499992370605 A
1141.47986832109 3.44225287437439 102443.3359375 288.028656005859 0.751005113124847 32.7510769034801 8 285.802864673148 1632053.74432802 8.13151629364128e-20 18.7402572631836 46.7313385009766 A
1480.21169916435 1.6251 102800 284.73 0.108159996569157 37.570729314747 9 332.502584098452 1746000 0.000980000000000092 10 60.8499984741211 A
856.10990124082 4.80984830856323 100602.5390625 287.764221191406 0.840606272220612 32.2781103980322 13 314.770906869699 805118.863532683 8.13151629364128e-20 2.22222232818604 78.5253295898438 B
6.28859224127133e-17 3.164 102550 284.64 0.524341702461243 -11.8191597491609 20 8.13151629364128e-20 8.13151629364128e-20 8.13151629364128e-20 8.13151629364128e-20 36.9791946411133 A
6.28859224127133e-17 3.9735 102330 287.44 0.173150315880775 -2.61057567946115 19 8.13151629364128e-20 3000 0.002 257.688323974609 76.5187835693359 B
115.230691314257 6.0333 102940 277.7 -0.282075822353363 17.8367406481926 10 79.9046941023436 59900 0.4609 22.0740737915039 98.5284652709961 C
542.12560141808 1.2293 101900 295.39 -0.138637751340866 6.56581207577179 17 1.46193292197456 456000 8.13151629364128e-20 30.1214828491211 46.5703544616699 A
624.101797923525 5.2923002243042 101610 288.369995117188 0.128120005130768 47.6457020319802 9 511.395644900214 2618397.18193906 8.13151629364128e-20 69 76.7289962768555 A
501.137503165358 6.11509990692139 101270 284.570007324219 -0.195879995822906 19.2169165034565 15 91.0269886163222 1336527.82759735 0.00088714088679104 66 65.8720016479492 A
494.177260065839 7.8378 102170 282.9 0.563839972019196 12.7798521412082 9 80.5907059789819 423400 8.13151629364128e-20 8.13151629364128e-20 65.5670013427734 B
2040.89794884781 3.116 102510 297.41 0.199610590934753 36.2508437796058 11 417.16775343843 2314000 8.13151629364128e-20 46.3768119812012 39.6651268005371 A
1.54672068878197 5.3385 101920 282.74 -0.191708654165268 -6.03855471628908 17 8.13151629364128e-20 8.13151629364128e-20 8.13151629364128e-20 8.13151629364128e-20 74.9471740722656 B
518.15143074196 3.84877967834473 100950.484375 286.552185058594 -0.19522151350975 19.6292225768391 17 50.6563331006004 1139129.02858706 0.00631041034320511 240.302932739258 55.1250801086426 A
344.918713598379 4.4131 102360 283.62 -0.274535953998566 17.2118790349002 10 110.500848294449 925799.999999999 8.13151629364128e-20 2.07407426834106 83.3845672607422 A
1783.36895416561 2.21740007400513 102050 295.989990234375 0.0377559997141361 47.1158031701629 9 507.47048044976 2579124.59061115 8.13151629364128e-20 874 78.1429977416992 A
1345.64699924031 1.78096032142639 101420 298.368225097656 -0.617855727672577 33.8015397749037 14 325.14449254596 1857382.85352047 0.00331130632679912 284.389770507812 41.4356269836426 B
6.28859224127133e-17 1.0505 102340 271.44 0.051817998290062 -2.18572291653654 6 8.13151629364128e-20 1000 8.13151629364128e-20 8.13151629364128e-20 58.9150009155273 A
6.28859224127133e-17 0.63415002822876 101410 290.149993896484 -0.104309998452663 -10.5902092040778 21 8.13151629364128e-20 177.208595437289 8.13151629364128e-20 508 88.2480010986328 A
1669.68498354014 3.8501 101390 288.91 -0.0251116752624512 60.9563762929628 11 669.77315127685 1631000 0.1328 153.624359130859 84.9059143066406 A
2299.2003038744 2.2217857837677 101204.1953125 285.981567382812 -0.211354225873947 55.4547939725923 11 567.547746824255 2995110.70399508 8.13151629364128e-20 351.815734863281 46.0814666748047 A
1175.5077234743 3.90250205993652 101658.6015625 290.912567138672 0.284069567918777 26.1664394138202 17 138.370321472811 940078.606746904 0.00646182453625084 65.875862121582 64.4644317626953 C
2449.23221068625 2.5282576084137 101306.7734375 293.286804199219 0.099404901266098 57.5347261202943 10 623.582493136601 2739183.91940734 8.13151629364128e-20 41.0369911193848 59.7617111206054 A
2593.07723474297 2.62069988250732 101480 296.489990234375 -0.132469996809959 54.9148933468801 12 626.45938592904 3291326.54015025 8.13151629364128e-20 80 47.9189987182617 A
6.28859224127133e-17 1.90344166755676 101690 282.666625976562 1.01169657707214 -10.760301439583 20 8.13151629364128e-20 4369.58240024834 8.13151629364128e-20 8.13151629364128e-20 60.843864440918 A
587.753861737149 1.6746 101710 295.41 -0.428420394659042 38.1778408304187 10 445.460420194366 1501000 0.00292999999999999 283.955108642578 79.2484130859375 C
639.569004811345 0.73098 101250 292.98 0.0711629986763 47.6032249700577 14 520.049400781032 212000 0.0116999999999994 347.9501953125 90.3780517578125 C
503.457584198531 1.17840313911438 101957.5625 293.795379638672 0.142706587910652 24.7842803217002 7 193.851517333321 881768.190967031 0.000282738087219694 145.181533813477 79.6264877319336 A
148.485186123069 9.8071 100450 284.73 0.846827983856201 8.78724010925643 8 55.4440793036678 401000 8.13151629364128e-20 3.21037030220032 75.8627243041992 B
1579.97518359078 2.0845 101830 287.97 0.0925619974732399 43.2123424857376 9 467.58482300181 599400 8.13151629364128e-20 116 96.1389999389648 B
731.598885793872 2.70280003547668 101660 289.440002441406 -0.111019998788834 38.6244902790197 9 422.025567582923 1813217.84112914 0.00173126753459496 264 71.7300033569336 A
76.5626740947075 4.1334 102260 274.21 0.510007798671722 2.89576435046806 16 3.75032866621722e-05 66600 8.13151629364128e-20 25.3782119750977 66.2254409790039 A
586.980501392758 1.50069999694824 101750 277.179992675781 0.196909993886948 12.0623869851277 9 68.1077967459214 96191.4753726606 8.13151629364128e-20 8.13151629364128e-20 94.3990020751953 C
6.28859224127133e-17 5.06969976425171 102300 287.790008544922 -0.0810979977250099 -11.0439029736453 21 8.13151629364128e-20 32.9389552224549 0.324749934348354 28 96.5419998168945 C
75.0159534059255 1.26769995689392 101970 287.589996337891 0.0332290008664131 13.0900631822643 6 52.4684731442504 105000 8.13151629364128e-20 8.13151629364128e-20 54.0250015258789 A
390.546973917447 1.36502170562744 101251.6328125 280.424041748047 -0.029696311801672 23.1670033819591 7 152.944750718162 546746.818180261 0.000114642646352199 91.2303161621094 87.9526138305664 B
28.6143327424664 3.27090001106262 100350 281.609985351562 -0.0875416100025177 2.79716373300199 8 1.30555218034967 21500 0.3672 32.655445098877 84.5610656738281 B
1842.91770068372 1.0757 101750 286.77 0.107300728559494 42.8870182854173 10 396.328699211396 2245000 8.13151629364128e-20 9.4919490814209 59.3662605285645 A
467.109648012155 3.32717180252075 102527.2734375 287.529907226562 0.0794652178883553 22.8052108692648 7 171.678481574045 618345.710711541 9.8114476896607e-05 30.7329902648926 91.9587173461914 B
1399.00886300329 3.543 102680 274.53 0.826692581176758 25.8390114434663 11 157.927430004734 1351000 8.13151629364128e-20 20.9100532531738 60.9654960632324 A
1592.34894910104 4.3833 101570 295.06 -0.289310038089752 26.1664394138201 17 138.666900189215 1537000 8.13151629364128e-20 27.8900833129883 32.473217010498 A
742.425930615346 2.6776 103720 279.41 0.303990006446838 31.7164358337421 12 231.598215730703 1332000 8.13151629364128e-20 16 95.447998046875 B
1942.68118511015 6.8226 102660 274.49 0.758019983768463 27.586812030062 12 181.691839615795 1534000 8.13151629364128e-20 26 51.673999786377 A
37.1212965307673 3.53358197212219 101766.6640625 276.673187255859 0.775002419948578 -0.938534207567564 7 1.43046867622001 188622.510199711 0.000297619046617111 14.1002769470215 88.40869140625 A
2133.70119017473 2.2936 101220 292.51 -0.416680008172989 53.9821869856131 12 536.427117024051 2647000 8.13151629364128e-20 386 63.7929992675781 B
276.089642947582 3.47175908088684 102175.3984375 287.506744384766 0.0570749118924141 22.980925055965 7 173.573119659865 76755.3891260125 0.0704824452519229 75.8231430053711 94.317626953125 B
313.210939478349 1.6774 101570 296.38 -0.756340026855469 15.9864754716487 18 45.0969308951579 75000 0.6 1462 53.7430000305176 B
53.361863762978 5.307 101120 275.23 0.384004652500153 8.59409675428268 8 1.6898045061295 29700 0.0019531 8.13151629364128e-20 63.8527565002442 B
1539.76044568245 1.7213 100780 302.67 -0.701341509819031 25.6193048790394 17 169.545958762535 1627000 8.13151629364128e-20 85.2152252197265 22.4269695281982 A
771.813623702203 0.6826 102790 288.59 -0.0634388625621796 28.1563951447956 8 198.977550364903 1231000 8.13151629364128e-20 1.07806277275085 55.0074729919434 A
6.28859224127133e-17 0.54884 101940 277.41 0.0784473642706871 -18.5641054705216 19 8.13151629364128e-20 8.13151629364128e-20 8.13151629364128e-20 8.13151629364128e-20 50.153636932373 B
1751.66118004558 1.4624 101510 295.43 -0.340306103229523 54.7168803069365 10 603.714471102829 2820000 8.13151629364128e-20 58.951343536377 48.5663642883301 A
1.54672068878197 3.69490003585815 100730 284.109985351562 -0.725719034671783 -6.26735420738312 17 8.13151629364128e-20 8.13151629364128e-20 8.13151629364128e-20 47.5696640014649 70.5482940673828 A
1263.67080273487 3.28970003128052 101360 291.179992675781 -0.294970005750656 68.8543004596513 12 712.634901703693 3904220.35130676 0.564102399723476 826 77.9309997558594 B
0.773360344390985 3.12 102030 277.81 0.197918474674225 -6.19917772164045 17 8.13151629364128e-20 8.13151629364128e-20 8.13151629364128e-20 29.9633693695068 85.1167221069336 A
34.0278551532033 4.3604 102590 275.7 0.138791248202324 9.56938605127981 7 2.40904061753186 122000 8.13151629364128e-20 0.837590456008911 75.3621368408203 A
727.732084071917 1.13269996643066 101810 301.380004882812 -0.226840004324913 14.3338221648279 18 43.5495799697023 1014680.63120287 8.13151629364128e-20 592 56.7410011291504 A
1115.95897695619 1.7031 102120 282.19 -0.12971393764019 24.43904069376 11 144.671248162037 1193000 8.13151629364128e-20 8.13151629364128e-20 57.4714736938476 B
179.419599898709 2.90409994125366 101500 281.420013427734 0.4375 29.6842971383681 12 291.953277377093 1056852.10380404 0.0106887704832222 19 88.5510025024414 B
1828.22385414029 3.6104 101270 296.58 -0.216045871376991 32.046577414347 16 285.6426363355 1905000 8.13151629364128e-20 34.9723663330078 44.7961349487305 A
6.28859224127133e-17 4.1587 102470 282.86 0.164179995656013 -8.98203107786544 6 8.13151629364128e-20 8.13151629364128e-20 8.13151629364128e-20 8.13151629364128e-20 78.3880004882812 A
119.097493036212 5.20461368560791 101658.71875 293.355041503906 0.132047355175018 1.7467490280243 19 0.0201354282766948 24215.216860211 8.13151629364128e-20 8.13151629364128e-20 53.4181861877441 A
986.034439098506 3.2324 101660 296.33 -0.608810007572174 15.3173991271552 18 46.5165394480055 1084000 8.13151629364128e-20 1 34.7890014648438 A
429.214991136997 0.29958 101730 303.43 0.593429982662201 5.99967027495647 18 3.45957703940478 668000 8.13151629364128e-20 1978 26.2719993591309 A
1610.90959736642 4.72713804244995 102056.9765625 298.940124511719 0.0282622762024403 36.2097669277087 16 322.721000180972 1287173.24429006 0.196722725068471 699.894409179687 60.5902938842774 A
546.765763484426 1.0405 102410 274.86 -0.01982899941504 20.5107950409728 9 74.6856896013104 460000 8.13151629364128e-20 8.13151629364128e-20 34.8250007629395 A
880.084071916941 2.5713 101360 283.52 0.114124268293381 35.6949170198014 13 285.338315752512 2064000 8.13151629364128e-20 157.671371459961 77.1063232421875 A
907.151683970625 3.72580003738403 101330 291.709991455078 -0.108850002288818 16.1908741161778 18 40.6622842850719 286719.501220105 0.755555954992886 526 77.2350006103516 A
6.28859224127133e-17 6.52914428710938 101529.96875 294.648620605469 -0.479130387306213 -16.4529441298724 20 8.13151629364128e-20 2099.19622136333 0.00182280000155221 1.68276214599609 58.6066246032715 B
6.28859224127133e-17 0.98499 101640 280.83 -0.18390616774559 -6.00371293304679 5 8.13151629364128e-20 8.13151629364128e-20 0.04102 24.9950618743896 90.940788269043 C
32.4811344644214 0.94725 101480 279.92 -0.236420005559921 8.62876362733245 6 5.42045807133758 14000 0.011718 8.13151629364128e-20 37.4230003356934 A
772.586984046594 2.7282 101770 292.81 0.056828960776329 52.4432023651108 14 569.226126926275 2969000 0.193999999999999 480.531951904297 75.6838073730469 A
231.234742972904 3.5019 103430 269.16 0.493239998817444 18.2541822097646 9 54.8694373009915 119900 0.00679999999999992 4 96.6740036010742 A
786.507470245632 4.1933 103100 274.85 0.747978031635284 29.5227067629587 13 203.032524580335 1661800 8.13151629364128e-20 5.52592611312866 88.6542892456055 A
1939.58774373259 4.9827 102550 285.03 0.0934880003333092 46.0863426298055 9 485.717461829628 1740100 8.13151629364128e-20 164 70.9150009155273 A
979.074195998987 1.33780813217163 101937.5 285.119018554688 0.142265751957893 31.2971120946047 8 257.662493243819 573034.718995242 0.000497149139042605 232.497314453125 94.4619598388672 A
1320.12610787541 2.69269990921021 101560 292.75 -0.244320005178452 37.7848223618654 9 413.522709691654 1981466.75554445 8.13151629364128e-20 26 57.5040016174317 A
1098.1716890352 1.3155814409256 101746.984375 292.343719482422 0.0547903329133987 32.1156395579175 8 311.441335421313 1555084.00067005 8.13151629364128e-20 12.1751403808594 58.7447738647461 A
6.28859224127133e-17 1.0383 101330 292.98 -0.165052771568298 -10.2901816296333 20 8.13151629364128e-20 8.13151629364128e-20 0.1367 457.330505371094 74.9498748779297 A
232.781463661686 0.80156 102630 282.13 0.130019992589951 12.3331988819546 9 72.6898655260885 184500 0.00195000000000001 8.13151629364128e-20 90.6070022583008 B
403.694099772094 3.586 101750 277.23 0.358049631118774 16.8329540338952 14 58.2417773714388 763900 0.0129999999999981 54.9581794738769 83.4622802734375 B
1122.14585971132 3.36660003662109 101400 282.679992675781 0.2987399995327 25.4111781165722 9 271.404466592136 1361821.62205305 0.000993468208316622 72 76.2939987182617 A
2688.20055710306 5.0889 102200 296.54 0.182830005884171 65.102452492367 12 666.484064008982 3288000 0.000976000000000004 504 53.3349990844727 A
2316.98759179539 1.886 101380 298.43 0.19327999651432 46.307186792553 12 536.077600487462 2781000 8.13151629364128e-20 208 64.3740005493164 A
1067.23727525956 2.41829633712769 101781.40625 292.672515869141 -0.116226479411125 57.6485293951461 10 625.29422342339 2049918.56175654 0.468127037346639 283.21240234375 85.339340209961 C
290.010129146619 2.5446 101710 286.86 -0.494506299495697 19.7439520114417 7 140.833188139729 92000 0.1513 33.3805809020996 95.752815246582 B
1009.23524943024 5.62048101425171 101766.890625 294.939483642578 0.119862422347069 14.5433338125129 17 54.4768473248818 1045214.45010425 8.13151629364128e-20 45.2014389038086 42.081657409668 A
774.907065079767 4.25912618637085 101313.484375 293.642211914062 -0.196997299790382 18.2172445936116 17 97.1861525202613 1309819.36199382 8.13151629364128e-20 67.645393371582 42.8593330383301 A
6.28859224127133e-17 0.0809770002961159 101830 275.959991455078 0.178489997982979 -4.66843919088015 6 0.00177047257430076 3000 8.13151629364128e-20 8.13151629364128e-20 88.4629974365234 A
6.28859224127133e-17 1.0774 102230 273.05 0.0244600009173155 -1.62401430605842 6 8.13151629364128e-20 8.13151629364128e-20 8.13151629364128e-20 8.13151629364128e-20 59.3889999389648 A
6.28859224127133e-17 3.9773 101910 279.05 -0.851209998130798 -16.1257697688986 6 8.13151629364128e-20 8.13151629364128e-20 0.529 18 96.0019989013672 B
322.491263611041 1.0179 101380 288.54 0.0853938609361649 21.2679086652541 7 155.780457365143 1052000 8.13151629364128e-20 2.35617280006409 56.3747711181641 A
12.3737655102558 1.45297241210938 101755.25 292.420440673828 0.129392772912979 -9.30084807424512 20 8.13151629364128e-20 8.13151629364128e-20 0.0541818583598883 505.022979736328 100 B
2033.93770574829 4.9422 101650 287.85 -0.161846309900284 37.217678175175 16 319.113556213852 325000 8.13151629364128e-20 74.5240325927734 69.3236541748047 B
857.656621929602 1.0621 102200 281.32 -0.371978580951691 50.2292183506511 11 494.344671123433 155300 0.0966999999999994 10.1294612884521 94.1620635986328 C
2730.73537604457 5.8987 101360 297.06 -0.268460005521774 68.3874474123292 12 701.609607773517 3321000 8.13151629364128e-20 576 50.8009986877441 A
958.19346670043 2.7454 102270 298.03 -0.126562282443047 16.3035673162507 16 60.3301173008814 801000 8.13151629364128e-20 37.2129974365234 41.9162368774414 A
443.135477336034 5.9563 101520 285.1 0.193746611475945 18.8920032846968 14 89.2812800774007 970799.999999999 8.13151629364128e-20 7.71358013153076 70.3288269042969 B
85.8429982273993 0.82516998052597 102470 287.410003662109 0.22469000518322 13.2515838852259 6 53.7110074095849 114000 8.13151629364128e-20 8.13151629364128e-20 54.9860000610352 A
1931.85414028868 1.3763153553009 102067.3046875 292.960815429688 -0.000380001962184906 36.7363721789686 10 427.559257042332 1886735.07816145 8.13151629364128e-20 13.117283821106 60.3239097595215 A
6.28859224127133e-17 2.8841 101700 290.72 -0.228490859270096 -10.5539981156576 5 8.13151629364128e-20 8.13151629364128e-20 0.1035144 144.07470703125 87.9246215820312 B
221.954418840213 5.9955 99781 287.85 -0.163861155509949 21.0190690412583 14 119.62314034024 84100 3.032 287.970764160156 79.5374069213867 C
1971.29551785262 2.7360999584198 101910 290.640014648438 0.051511999219656 47.5855176717317 9 512.564738074464 2733736.59000505 8.13151629364128e-20 24 63.140998840332 A
1168.54748037478 2.39490008354187 101660 289.769989013672 -0.173370003700256 28.685839122448 9 312.809190876321 1036596.06779482 8.13151629364128e-20 9 68.6380004882813 C
1655.7644973411 1.6509 101640 299.9 -0.32769900560379 41.6115643955636 11 489.089019613595 2509000 8.13151629364128e-20 57.5040321350098 34.221061706543 A
1119.05241833376 1.2508 101260 270.83 -0.0587471649050713 27.4278110806401 11 174.692685790412 929199.999999999 0.00487999999999999 11.0206966400146 97.7390365600586 B
0.773360344390985 0.87533 102400 280.05 -0.331452548503876 2.78124341363071 8 1.09872726420373 2200 0.0507 10.1333332061768 98.6482391357422 C
10.8270448214738 2.711 103500 276.63 0.088212251663208 -5.65636808645865 17 8.13151629364128e-20 2000 8.13151629364128e-20 8.13151629364128e-20 44.7339553833008 A
6.28859224127133e-17 1.0554 101520 281.72 -0.0363025702536106 -3.55788826419161 7 0.0124446021279833 4600 8.13151629364128e-20 8.13151629364128e-20 95.5292816162109 B
6.28859224127133e-17 4.1299 101440 288.26 -0.232240006327629 -11.0439029736453 21 8.13151629364128e-20 8.13151629364128e-20 0.8584 228 57.6310005187988 B
456.282603190681 1.36580002307892 102090 281.010009765625 -0.160089999437332 17.3981695511712 9 156.35283329061 277236.370186961 8.13151629364128e-20 8.13151629364128e-20 81.5770034790039 B
590.847303114713 2.26936173439026 102245.0625 293.244049072266 0.0555488094687462 25.5637283047679 7 203.155814891368 742695.031580618 0.00356073446927849 502.564239501953 95.0794448852539 A
0.773360344390985 2.30764126777649 101846.4609375 294.818206787109 -0.193406775593758 -8.14087934400148 20 8.13151629364128e-20 12799.8329178144 8.13151629364128e-20 8.13151629364128e-20 54.5625076293945 A
1505.73259052925 3.3113 101480 288.16 0.233680456876755 20.488898989772 16 73.6409027867882 1050000 8.13151629364128e-20 33.8948287963867 37.7480354309082 A
967.473790833122 1.9964 101830 280.43 0.280175656080246 20.9664359531716 13 121.656547940184 174000 8.13151629364128e-20 3.91088843345642 96.9342041015625 C
1890.86604203596 2.0378 101910 294.23 0.267479985952377 34.7323579421059 15 334.015912179262 2421000 0.00099999999999989 26 48.0279998779297 B
6.28859224127133e-17 5.6141 101440 282.12 0.230378776788712 -0.537367182462447 5 8.13151629364128e-20 8.13151629364128e-20 8.13151629364128e-20 8.13151629364128e-20 48.4513549804688 A
1662.72474044062 2.3752 102130 291.66 0.191379994153976 45.3520700605432 9 488.783621966955 2262000 8.13151629364128e-20 36 48.8680000305176 A
0.773360344390985 0.367286533117294 101830.6953125 287.200622558594 -0.0303901359438896 -1.97527116608852 5 0.000285549857804271 8.13151629364128e-20 8.13151629364128e-20 8.13151629364128e-20 61.2672080993652 B
6.28859224127133e-17 3.7522 101690 296.36 -0.37635064125061 -4.59917769489806 5 8.13151629364128e-20 8.13151629364128e-20 8.13151629364128e-20 0.344182014465332 31.0846138000488 A
6.28859224127133e-17 3.74379992485046 99901 281.350006103516 -1.2849999666214 -16.1257697688987 6 8.13151629364128e-20 520 0.624000000000001 13 84.4369964599609 C
6.28859224127133e-17 0.55377 102810 277.7 -0.289220005273819 -13.8575727401057 18 8.13151629364128e-20 8.13151629364128e-20 0.243 1 97.1620025634766 C
580.79361863763 1.2375 101300 295.96 -0.189219996333122 32.9218094838797 9 362.762425369563 1437000 0.000977000000000005 274 65.2129974365234 C
317.077741200304 1.5764946937561 101742.3671875 291.574066162109 -0.486743032932281 26.5549421733023 7 214.117330596535 675405.370258517 0.00236407577243513 45.4955978393555 63.9870376586914 B
12.3737655102558 1.97788989543915 101481.1796875 295.406585693359 0.0275492668151855 -8.70553315433545 19 8.13151629364128e-20 2448.55559804265 8.13151629364128e-20 8.13151629364128e-20 34.8123016357422 B
1450.0506457331 4.258 101060 289.93 -0.424830377101898 54.5079239503357 14 585.208845897781 2360000 0.103000000000002 245.523208618164 79.6619415283203 B
112.910610281084 1.3871 99955 276.57 0.34663188457489 13.5294696997465 8 14.814326227414 41800 0.00683999999999996 8.13151629364128e-20 88.1226196289062 B
546.765763484426 1.48109996318817 100300 291.25 -0.769110023975372 31.5522261649554 15 284.93556244855 1647006.35867678 0.736960753774033 550 88.0619964599609 B
1890.86604203596 3.0888 102420 291.26 0.361051172018051 40.2644963493283 14 423.878626011249 2449000 8.13151629364128e-20 103.147941589355 69.6454925537109 A
334.865029121297 1.13859844207764 101826.421875 300.289459228516 -0.170705571770668 4.28785962845271 19 0.323526495134592 32410.0622297064 8.13151629364128e-20 484.383453369141 58.7748336791992 A
12.3737655102558 4.0348 102480 268.8 0.314994513988495 2.82262642479598 8 0.521926896314118 3100 0.06494 2.88095235824585 99.3152008056641 B
525.88503418587 4.21973466873169 101569.8828125 295.687103271484 -0.0437453538179398 25.7482013740115 7 205.409812418754 922793.547403752 8.13151629364128e-20 3.65791273117065 55.4028778076172 A
1608.58951633325 2.0494 101570 292.21 0.0307299997657537 42.3619913298953 9 459.273529724499 2121000 0.000969999999999998 30 57.4939994812012 A
31.7077741200304 4.50555753707886 98059.5546875 279.928161621094 -1.25725150108337 5.6708601665276 16 0.0926738515031819 2829.92120707818 1.1670555373577 95.2116317749023 94.4867095947266 B
6.28859224127133e-17 3.4708 103280 273.73 0.411230444908142 -20.6340964768899 19 8.13151629364128e-20 8.13151629364128e-20 0.00190000000000001 8.13151629364128e-20 95.8601684570313 B
148.485186123069 4.89769983291626 100630 285.489990234375 -1.07622134685516 2.79125102260971 16 8.59032908537898e-06 46100 8.13151629364128e-20 52.3774261474609 63.475757598877 A
558.366168650291 3.58240008354187 100890 290.109985351562 -0.65736997127533 16.1490140069103 18 42.4773295654741 965156.444869671 2.61929646444167 888 81.7310028076172 B
1512.69283362877 0.825600028038025 100290 291.130004882812 -0.325459986925125 45.4273805392841 15 405.470230147264 1170357.23100151 0.00378822495337118 642 65.6729965209961 A
1280.68473031147 2.3747 101680 287.83 -0.0377498455345631 57.6381851292419 10 626.636452640914 1592000 8.13151629364128e-20 97.1844940185547 74.6912536621094 B
6.28859224127133e-17 1.1261 100660 283.75 0.0538995265960693 -6.97383836139564 4 8.13151629364128e-20 8.13151629364128e-20 0.0077999999999998 152.819580078125 71.2279815673828 A
1958.14839199797 1.3174 101890 293.2 0.155517041683197 52.0132102082544 10 581.634678179429 2770000 8.13151629364128e-20 54.0051231384277 64.0393981933594 A
6.28859224127133e-17 2.589 101410 280.51 -0.437559992074966 -14.3338221648284 6 8.13151629364128e-20 8.13151629364128e-20 0.56933 15 85.5210037231445 C
138.431501645986 4.1239 102240 283.33 -0.0352856069803238 3.16248013479369 16 5.81316146026755e-05 50000 8.13151629364128e-20 8.13151629364128e-20 80.1006240844727 A
136.111420612813 4.7874 101970 280.14 -0.513650059700012 20.7705670442747 13 116.883688847557 85999.9999999999 0.75 70.3248138427734 92.2453918457031 C
1675.09850595087 1.29830002784729 101990 291.489990234375 0.057353001087904 38.067727505025 9 416.39752783612 2179085.09404988 8.13151629364128e-20 32 65.2300033569336 B
159.312230944543 5.1322 101800 283.43 0.100921519100666 5.23214798791122 8 18.8341194674112 280500 8.13151629364128e-20 8.13151629364128e-20 81.6315994262695 A
2376.5363383135 2.9035 102130 293.37 -0.000741703435778618 40.0249527188668 13 434.97885442131 2528000 8.13151629364128e-20 28.3722686767578 50.0711326599121 A
1119.05241833376 2.61471176147461 101663.6953125 289.462982177734 -0.116032272577286 31.2603350373226 8 302.271034911525 1461934.80798694 8.13151629364128e-20 28.6169815063477 78.9576416015625 B
21.6540896429476 0.14121 101520 274.75 -0.00315230339765549 14.6805069914048 8 21.2032612232003 282600 0.000980000000000036 8.13151629364128e-20 88.2425079345703 A
4.64016206634591 0.61801 102190 292.94 -0.321687638759613 -3.78483099304901 20 8.13151629364128e-20 1000 0.00190000000000001 228.91340637207 32.7114448547363 A
86.6163585717903 0.59084 102600 284.85 0.0983286872506142 4.19261398780861 7 19.4431896775913 335000 8.13151629364128e-20 8.13151629364128e-20 37.0594787597656 A
907.925044315016 3.25117087364197 100803.40625 282.547149658203 0.489406019449234 21.7495231272856 10 203.455539496285 205762.474196916 0.189035204615323 8.13151629364128e-20 95.6116638183594 C
2290.6933400861 1.06003522872925 101650.2890625 296.305114746094 0.0323583297431469 34.875580738471 14 342.338566967476 2429192.22145211 8.13151629364128e-20 26.1566581726074 23.8407363891602 A
2200.21017979235 1.3901 101230 300.06 0.198816239833832 38.8364587805926 14 402.853222801763 2494000 8.13151629364128e-20 260.320892333984 55.1021270751953 A
206.487211952393 2.07990002632141 101650 290.690002441406 0.103380002081394 41.912380168907 9 454.709051061379 14149.2685835896 4.99325554522743 298 97.193000793457 C
129.151177513294 3.9922 100810 293.6 -1.5828161239624 15.2047807992061 7 99.7612555579458 415000 0.8161 304.195922851563 84.1052551269531 C
1466.29121296531 1.01527857780457 102685.203125 279.4140625 0.186898350715637 23.0011459389044 10 225.56911951265 952453.3077895 8.13151629364128e-20 1.419753074646 38.0144958496094 B
6.28859224127133e-17 1.36598587036133 101694.109375 286.131591796875 -0.104788906872272 -13.0072311435835 19 8.13151629364128e-20 8.13151629364128e-20 0.000173333327900619 8.13151629364128e-20 41.4082641601562 A
2151.48847809572 3.9337 101310 296.85 -0.130559995770454 42.3066673225661 15 436.259247044545 2766000 8.13151629364128e-20 52 45.8639984130859 A
24.7475310205115 0.3348 102760 278.53 -0.11106999963522 13.6746006523009 9 28.6424884136485 12300 0.2246 3 99.3880004882812 C
6.28859224127133e-17 3.20205068588257 101362.5 282.366638183594 0.237762376666069 -7.17703645386961 4 8.13151629364128e-20 8.13151629364128e-20 0.0114060545127191 29.7037048339844 99.6698303222656 B
445.455558369207 3.612 101640 288.48 -0.786689400672913 63.0887500961945 11 663.382201017478 74000.0000000001 5.513 335.922180175781 97.1481475830078 C
2096.57989364396 3.5847 101320 298.55 -0.537224352359772 62.0381461853766 13 667.651554659539 2881000 0.0009766 127.480529785156 40.685115814209 B
1933.40086097746 1.58244168758392 101536.8671875 300.341064453125 0.287392318248749 32.0465774143474 16 285.797381449075 1804232.56584396 8.13151629364128e-20 40.0472679138184 44.9569473266601 A
1359.56748543935 2.13150358200073 101719.96875 291.428588867188 0.175273269414902 37.1706295322615 8 369.058649300732 1830839.86891336 8.13151629364128e-20 13.7344455718994 69.412467956543 A
347.238794631552 3.70767617225647 101452.78125 289.170654296875 0.0229097828269005 3.5464094161444 17 0.00554671810151282 301928.137366693 0.000717948719498627 1.74603176116943 71.4905776977539 A
127.604456824513 7.54225254058838 102040.6171875 278.228149414062 0.812904894351959 -1.02710386716598 17 8.13151629364128e-20 81058.2806390645 8.13151629364128e-20 0.137811541557312 58.2128982543946 A
196.43352747531 3.9935 101780 288.35 0.143682405352592 3.85493877610029 19 0.24718671051309 7999.99999999999 0.106000000000002 26.4952793121338 94.5186309814453 B
6.28859224127133e-17 0.023841 102330 282.45 0.00752758234739304 -3.28243829991647 5 8.13151629364128e-20 8.13151629364128e-20 8.13151629364128e-20 8.13151629364128e-20 60.7459678649902 A
481.030134211193 2.13010048866272 101537.3515625 291.113586425781 0.13498629629612 24.1028264262714 7 185.997974630615 865400.131906008 8.13151629364128e-20 0.772649526596069 45.0695075988769 A
1454.69080779944 3.0184 102240 289.49 0.212693959474564 57.4139896092083 10 625.111480396773 1193000 8.13151629364128e-20 52.5037040710449 65.5075836181641 B
117.55077234743 3.13185334205627 101290.828125 291.948089599609 -0.883092045783997 33.8206458711946 8 330.173409888105 688005.464655413 0.689392216995636 281.898468017578 85.7197647094727 C
35.5745758419853 6.32460021972656 100610 278.029998779297 -0.0255839992314577 12.7552748063884 6 34.5968053837114 19000 0.762732874630348 1.5 86.0650024414062 C
2252.79868321094 3.2839 102430 295.78 0.0555070005357265 36.0851066531198 12 395.814303612834 2424000 8.13151629364128e-20 60 47.2999992370605 A
296.197011901747 2.9715 101260 299.6 -0.537190020084381 2.46556963506644 18 0.0406782082827008 421000 8.13151629364128e-20 292 47.1479988098144 A
1689.7923524943 4.145 101260 289.05 0.40625 47.8390791616276 15 459.875491985541 2186000 8.13151629364128e-20 112 53.5989990234375 A
1969.74879716384 1.235 102060 286.69 0.200416445732117 29.03529386433 13 260.836509302057 1996000 8.13151629364128e-20 12.4761905670166 40.5381240844727 A
344.918713598379 1.62329995632172 101930 276.5 0.0625580027699471 13.2738669986994 9 89.3628977988204 273291.08578146 0.00311536080072336 8.13151629364128e-20 91.7639999389648 C
6.28859224127133e-17 2.59859991073608 100410 271.700012207031 -1.30538988113403 3.32979358218643 8 4.52942794061201 41600 2.22952 18.3769187927246 77.1241226196289 B
2032.39098505951 4.43860006332397 101390 288.809997558594 0.475219994783401 40.5956952771815 15 334.805407696017 2580230.89767763 8.13151629364128e-20 462 47.5040016174316 A
9.28032413269182 2.99600005149841 101080 283.040008544922 -0.0309420004487038 -6.77622146289847 6 1.45367475848395e-07 8.13151629364128e-20 8.13151629364128e-20 8.13151629364128e-20 55.3909988403321 A
0.773360344390985 4.6276 101430 295.02 0.0909191966056824 -10.4339960250347 19 8.13151629364128e-20 8.13151629364128e-20 8.13151629364128e-20 9.73868942260742 68.4364547729492 A
836.775892631046 1.6309 102040 293.62 -0.281112968921661 20.7596655905167 17 126.97748456541 977000 0.183599999999998 158.555557250977 90.7472305297852 B
1151.53355279818 0.85581 101670 285.4 -0.0212385430932045 21.9340696882622 11 171.506125815303 1339600 8.13151629364128e-20 9.67901229858399 71.796760559082 B
1141.47986832109 5.2882 101840 286.05 0.07684226334095 19.6196852456665 10 163.51286181464 1273000 8.13151629364128e-20 5 80.2061004638672 B
376.62648771841 1.90240001678467 101260 292.940002441406 -0.204150006175041 16.1955268633983 18 39.9925170050255 464958.542699499 1.99629785293345 966 79.2119979858398 B
2207.17042289187 2.43875193595886 102009.96875 301.347686767578 0.0186198689043522 55.9640853414172 10 613.955449658038 2708842.6276788 8.13151629364128e-20 21.1207275390625 35.6447601318359 A
648.075968599645 1.0054 101880 282.88 0.053455576300621 8.82537355146017 17 1.40333722284792 530000 8.13151629364128e-20 7.59379959106445 48.2401428222656 A
1327.08635097493 3.33771634101868 102195.4453125 294.134948730469 0.148443698883057 22.1609235211672 17 75.594302131598 1273700.26633831 8.13151629364128e-20 29.7799758911133 27.2261352539062 A
6.28859224127133e-17 1.7244 103700 274.96 0.16778376698494 -20.1952754322199 19 8.13151629364128e-20 8.13151629364128e-20 8.13151629364128e-20 8.13151629364128e-20 98.3947601318359 B
114.457330969866 1.2161 102190 272.53 -0.022834999486804 17.7228760569273 9 50.8478760850603 73700 0.00780999999999998 2 99.2210006713867 B
152.351987845024 9.944 100150 280.33 0.522449970245361 22.3795158833481 12 136.709087010437 854999.999999999 0.17871 8.13151629364128e-20 76.0199966430664 C
2555.95593821221 2.453 101760 295.43 0.213819995522499 50.7040594799478 12 585.497346972512 2871000 8.13151629364128e-20 48 44.7939987182617 A
37.8946568751583 1.17511963844299 100266 276.91943359375 0.0292111039161682 3.89140140651187 8 8.22642604073061 56823.927301577 0.000518426908952804 8.13151629364128e-20 86.9865951538086 B
6.28859224127133e-17 3.64206910133362 101951.9453125 287.499969482422 0.440554112195969 -6.54230119852572 5 8.13151629364128e-20 8.13151629364128e-20 0.0813985183083842 15.3355770111084 95.7650833129883 B
235.87490503925 1.2125 102230 281.94 0.0886949971318245 15.9638679243065 6 73.8187986412793 151000 8.13151629364128e-20 8.13151629364128e-20 73.6790008544922 B
121.417574069385 7.6317 100420 278.89 0.756476938724518 17.0239121205712 10 81.6050574140734 598100 8.13151629364128e-20 8.13151629364128e-20 78.7345352172852 C
150.805267156242 5.53195810317993 97940.859375 281.098724365234 -1.31046855449677 5.55810512705563 8 21.9179870366302 5083.75387156267 1.46126781094877 139.752899169922 92.5937423706055 B
312.437579133958 4.19573450088501 102089.5234375 296.457214355469 -0.11241315305233 5.03251424158081 19 0.459811076918008 36187.8227025948 0.00133409444866125 28.7960510253906 61.9286270141602 A
148.485186123069 0.39526 101620 282.91 0.0630789995193481 14.0037251742814 9 101.517877173199 35800 0.0703000000000005 8.13151629364128e-20 95.8769989013672 C
43.3081792858952 1.56960499286652 103014.9140625 285.515655517578 0.182840079069138 -2.96099898528897 17 8.13151629364128e-20 26966.6434721245 8.13151629364128e-20 3.71184349060059 92.605827331543 A
6.28859224127133e-17 0.8624 101840 288.79 -0.0912280008196831 -10.5902092040778 21 8.13151629364128e-20 8.13151629364128e-20 0.02735 8.13151629364128e-20 62.7439994812012 C
1527.3866801722 3.7637 102070 280.87 -0.139073088765144 39.4776267707154 13 337.484069018477 2222000 8.13151629364128e-20 60.5111122131348 65.6027679443359 B
6.28859224127133e-17 1.14020001888275 101310 282.540008544922 0.10215999931097 -8.74720566653695 6 8.13151629364128e-20 8.13151629364128e-20 0.00936594524166818 4 87.931999206543 A
0.773360344390985 4.1256 101800 275.96 -1.23756575584412 2.96608227966144 8 0.321510991325647 800 1.154 36.7653465270996 98.1903839111328 C
2215.67738668017 2.3552 101240 301.64 0.107824251055717 41.3239057884883 14 439.051550631458 2524000 8.13151629364128e-20 694.430480957031 45.7837371826172 A
44.0815396302862 5.8567 101600 280.5 -0.773534178733826 5.31189239155653 16 0.0737571030827237 5100 2.946 62.1309700012207 94.1618881225586 B
371.986325652064 2.20950126647949 101682.8203125 293.288635253906 -0.167842224240303 5.95789958081827 19 0.465411830777599 33461.8763321538 8.13151629364128e-20 11.2174434661865 53.3642044067383 A
2364.16257280324 2.7506 101380 298.11 -0.590969979763031 64.9909511882785 12 698.810485989492 3265000 8.13151629364128e-20 122 40.4189987182617 A
6.28859224127133e-17 2.1392 102480 278.83 0.783361971378326 -1.9961983887797 5 8.13151629364128e-20 8.13151629364128e-20 0.000979999999999981 8.13151629364128e-20 47.5598678588867 A
592.394023803495 0.7971 101220 292.3 -0.101728722453117 26.507668447789 17 149.821375402478 193000 8.13151629364128e-20 1223.7177734375 69.1830291748047 B
37.1212965307673 6.3605 101300 300.77 -0.437056422233582 -5.03248242959055 19 8.13151629364128e-20 14000 8.13151629364128e-20 8.13151629364128e-20 24.1952495574951 A
459.376044568245 2.4832501411438 101648.8671875 290.992645263672 -0.148303017020226 21.8711649123766 7 161.81662625089 441627.061214164 0.254522253768031 110.26676940918 88.4147109985352 A
6.28859224127133e-17 3.79040813446045 102700.21875 281.298248291016 0.28114777803421 -4.20049835525999 4 8.13151629364128e-20 8.13151629364128e-20 8.13151629364128e-20 8.13151629364128e-20 61.6594314575195 A
1832.09065586224 1.7957 101920 296.46 0.0685537159442902 47.0406437820702 10 538.132576458836 2638000 8.13151629364128e-20 26.0249557495117 72.1354217529297 A
6.28859224127133e-17 1.32659780979156 101745.5546875 283.160583496094 0.0316678509116173 -3.15163837273359 4 8.13151629364128e-20 8.13151629364128e-20 8.13151629364128e-20 8.13151629364128e-20 72.1169738769531 A
37.1212965307673 7.2006664276123 100904.75 279.687133789062 -0.189630776643753 4.00308627719416 8 9.02364842737162 93862.8787960544 0.0814796920593366 8.13151629364128e-20 80.8992614746094 B
476.389972144847 1.6102 101810 291.86 0.339980006217957 16.1955268633983 18 40.2817285573381 552000 0.011719 8.13151629364128e-20 55.4640007019043 C
702.211192707014 6.19196796417236 100381.46875 285.378448486328 -1.21944117546082 34.7495223776123 13 354.711594291209 149741.033822834 1.22532197172139 61.8814468383789 92.647346496582 B
613.274753102051 0.75656658411026 102688.21875 288.938354492188 0.051492553204298 6.20308240959806 16 0.227413358765431 78270.5388627214 8.13151629364128e-20 1.209876537323 69.9058303833008 A
1846.01114206128 1.37160003185272 101580 295.480010986328 0.0694269984960556 47.4742952798921 9 511.357710735423 2648173.17874054 8.13151629364128e-20 26 53.2890014648437 A
6.28859224127133e-17 5.8768 101730 279.95 0.582319974899292 -15.3615953385529 18 8.13151629364128e-20 8.13151629364128e-20 8.13151629364128e-20 8.13151629364128e-20 82.3710021972656 C
111.363889592302 5.0954 102660 282.59 0.214231818914413 12.640406621333 8 100.032488801069 267000 8.13151629364128e-20 3.65190362930298 89.1729583740235 B
23.9741706761205 3.9224066734314 101127.859375 289.652740478516 -0.967963635921478 6.28999392679661 19 0.189038897113668 3931.34306902918 0.369546940793771 8.13151629364128e-20 65.1522979736328 B
410.654342871613 2.79024767875671 100881.453125 300.820037841797 -1.32586801052094 53.740192368659 14 579.651290398659 2042426.55770657 2.33710601473122 1289.37658691406 56.3909568786621 B
2197.11673841479 3.2413969039917 100884.96875 291.207672119141 -0.0999798998236656 51.1077769217862 10 529.412226444815 1449078.99788207 8.13151629364128e-20 41.6844139099121 48.3159027099609 B
953.553304634085 6.2943 101620 284.33 0.335043132305145 22.9920693929642 11 194.04726439489 982000.000000001 8.13151629364128e-20 7.65432071685791 71.9819869995117 B
313.98429982274 9.2264 100990 285.73 1.13107061386108 21.0774224811198 7 117.27871940615 943000 8.13151629364128e-20 10.0824241638184 45.2763328552246 A
88.1630792605723 3.03828096389771 101400.4921875 281.767242431641 0.101071365177631 8.70968424248044 16 3.33967070465489 86066.100081452 0.0210075233243852 125.829391479492 92.2371597290039 A
6.28859224127133e-17 4.4992 101420 276.34 -0.796326160430908 -4.8025939514098 7 8.13151629364128e-20 100 0.82035 16.564359664917 87.6900939941406 C
104.403646492783 1.62 101110 287.21 0.0468220002949238 15.1781266726394 6 69.4365169657078 184000 8.13151629364128e-20 8.13151629364128e-20 44.7849998474121 A
1583.06862496835 5.2967 101020 290.08 -0.829305708408356 34.5784022141759 16 312.635964294441 1530000 0.00199999999999889 259.438903808594 75.6291656494141 A
6.28859224127133e-17 2.9062 102640 269.77 1.57120001316071 -12.6691615144182 6 8.13151629364128e-20 8.13151629364128e-20 8.13151629364128e-20 8.13151629364128e-20 64.7389984130859 A
1945.77462648772 1.9537 101040 298.31 0.236165761947632 56.5768579296904 10 618.603713262472 2888000 8.13151629364128e-20 34 33.5463829040527 A
50.268422385414 1.9202 101040 291 -0.0812370032072067 7.65768677339026 6 19.9803745816124 20000 0.00586000000000003 380 68.6169967651367 B
6.28859224127133e-17 3.61450004577637 100780 273.920013427734 -0.910475790500641 -6.08615199302164 17 8.13151629364128e-20 8.13151629364128e-20 0.0625 88.9585723876953 74.3369903564453 A
443.135477336034 0.85141 101180 294.19 0.355800002813339 3.30000712099441 18 0.203172484708438 506000 8.13151629364128e-20 8.13151629364128e-20 37.1940002441406 A
191.020005064573 4.02664422988892 101193.3359375 283.997589111328 -0.424223721027374 1.25429261875094 17 8.13151629364128e-20 181186.636415868 8.13151629364128e-20 6 67.6006088256836 A
1149.98683210939 4.1643 100450 286.15 0.259620010852814 33.3178015558425 8 297.120630445308 1664000 8.13151629364128e-20 51.3555450439453 69.9285049438477 A
6.28859224127133e-17 0.257180005311966 102360 265.700012207031 0.320549994707108 -16.0653728486161 6 8.13151629364128e-20 8.13151629364128e-20 0.000199999999999978 8.13151629364128e-20 86.2519989013672 A
6.28859224127133e-17 4.00331687927246 101762.34375 287.690521240234 -0.326296776533127 -13.9660420051378 5 8.13151629364128e-20 8.13151629364128e-20 8.13151629364128e-20 8.13151629364128e-20 56.7930107116699 B
1996.81640921752 2.035 102020 281.73 0.0780560672283173 40.9950657774859 11 357.46873381746 2211000 8.13151629364128e-20 22.4273509979248 60.2620239257812 A
34.8012154975943 1.47692584991455 101295.734375 295.780975341797 0.353943198919296 -3.34284966311694 20 8.13151629364128e-20 17076.4729676773 8.13151629364128e-20 207.616836547852 41.0181083679199 A
6.28859224127133e-17 0.87048 102020 285.97 -0.129679620265961 -4.08036718190283 4 8.13151629364128e-20 8.13151629364128e-20 8.13151629364128e-20 8.13151629364128e-20 84.5297317504883 A
6.28859224127133e-17 0.824 102120 272.51 0.00472645647823811 -5.24378445697845 7 8.13151629364128e-20 8.13151629364128e-20 8.13151629364128e-20 8.13151629364128e-20 75.8831481933594 A
1917.16029374525 4.73056554794312 101353.421875 303.593963623047 -0.432254314422607 55.3551711997186 14 590.245171206329 2882498.53281283 8.13151629364128e-20 1680.0048828125 57.9039039611816 B
2334.00151937199 1.4091 101060 292.28 -0.0915688723325729 57.6157715026996 10 624.521355143171 1950000 0.607399999999999 1088.54345703125 74.5774917602539 B
934.992656368701 0.5747 102500 281.79 0.446639090776443 29.6716359550833 8 227.228743437501 1392000 8.13151629364128e-20 7.1188268661499 39.5052032470703 B
184.059761965054 1.7688 101770 288.13 0.155289992690086 16.0079308466724 6 76.7056558984285 212000 8.13151629364128e-20 10 61.7630004882813 A
6.28859224127133e-17 0.6358 102560 284.97 0.232298880815506 -13.7668584144123 20 8.13151629364128e-20 8.13151629364128e-20 8.13151629364128e-20 8.13151629364128e-20 50.1614074707031 A
10.0536844770828 1.70498287677765 101584.09375 288.825317382812 -0.0179555620998144 2.79982690986442 5 0.672630215304836 8.13151629364128e-20 8.13151629364128e-20 8.13151629364128e-20 54.3277282714844 A
136.111420612813 5.3069 100430 272.03 0.0468889996409416 10.6918850815906 15 9.35725984319385 474100 0.00800000000000267 70 73.2979965209961 A
1062.59711319321 3.6976 101100 289.49 -0.885773777961731 61.6321085141002 11 674.113656036883 2277000 0.0300000000000011 322.142974853516 83.1700744628906 B
6.28859224127133e-17 6.4807 101720 283.56 0.526419997215271 -15.1294832684921 6 8.13151629364128e-20 8.13151629364128e-20 8.13151629364128e-20 8.13151629364128e-20 77.3529968261719 C
6.28859224127133e-17 3.7027 101550 289.66 -0.583531141281128 -3.03313818114621 4 8.13151629364128e-20 8.13151629364128e-20 0.0185000000000004 331.086303710938 67.0167846679688 A
1848.33122309445 1.101 102390 287.44 -0.0872189551591873 26.5938688476023 14 161.555764286675 1676000 8.13151629364128e-20 8.13151629364128e-20 52.2323455810547 A
6.28859224127133e-17 1.00827884674072 101668.8046875 283.071716308594 0.0252499580383301 0.596533875753672 5 8.48866057018489e-07 8.13151629364128e-20 0.000372549012810195 8.13151629364128e-20 96.5103988647461 C
970.567232210686 4.21169996261597 101920 280.359985351562 0.651369988918304 18.1869955354416 9 168.548224330125 884798.269645597 8.13151629364128e-20 47 91.6330032348633 A
2239.65155735629 2.3745 102730 288.52 0.413311451673508 52.4001494788551 11 525.445412310943 2866000 8.13151629364128e-20 24.518518447876 55.7996292114258 A
3.09344137756394 0.75977 101950 287.84 -0.240408092737198 1.25454120248024 5 0.145095884833728 1000 0.0137 78.5572357177734 97.2945709228515 B
515.057989364396 5.7164 101670 282.36 0.473631858825684 17.8565265885271 14 65.2587785911202 958400.000000001 8.13151629364128e-20 0.777777671813965 81.5652923583984 C
6.28859224127133e-17 1.3846 102420 292.31 -0.09590844810009 -14.9549949114562 19 8.13151629364128e-20 8.13151629364128e-20 8.13151629364128e-20 8.13151629364128e-20 47.1437301635742 A
394.413775639402 0.2239 101820 282.11 -0.481780230998993 43.9074133349916 10 413.186738361272 285000 0.125 38.1001205444336 95.7004165649414 C
543.672322106862 5.2765 101520 287.79 0.359890013933182 9.66942595310878 18 0.568071088533632 609000 8.13151629364128e-20 1 35.3950004577637 A
292.330210179792 0.58954 102030 273.75 0.0400092825293541 18.8684568503556 8 57.3684743779393 544000 8.13151629364128e-20 8.13151629364128e-20 69.5582122802734 A
6.28859224127133e-17 3.0283 102610 277.05 0.121660001575947 -13.9287329480418 6 8.13151629364128e-20 8.13151629364128e-20 0.0109999999999992 4 97.4059982299805 C
1716.85996454799 1.8026 101680 298.25 0.342437237501144 29.5494525615967 16 252.852370229555 1861000 8.13151629364128e-20 27.1750183105469 40.5575942993164 A
1641.07065079767 5.9727 101600 289.08 -0.127350002527237 47.7760655211139 15 469.393754070663 1985000 0.157999999999999 101 69.5770034790039 B
208.807292985566 2.3371250629425 101624.0703125 291.002807617188 -0.100029721856117 21.0599654014723 7 153.51439051345 10055.7199054925 5.26919513543572 411.523498535156 98.9675827026367 C
1388.18181818182 4.3725 103080 275.84 0.698792695999146 25.0842531821065 14 142.827073674706 1506000 8.13151629364128e-20 4.87407398223877 90.3930511474609 B
1931.08077994429 2.68339991569519 101410 301.059997558594 0.059629000723362 32.1994392616272 15 295.282353008462 2324972.53295543 8.13151629364128e-20 52 29.2490005493164 A
2088.07292985566 3.46406149864197 101665.3125 298.158081054688 0.19577930867672 37.1819352642403 16 302.309768222322 1907694.1152633 8.13151629364128e-20 236.979370117188 55.1296882629395 A
266.80931881489 2.4349 102750 284.61 0.17753940820694 15.8785517356018 17 23.6968564869935 96300.0000000001 0.145 3.71193361282349 98.3816528320312 C
794.241073689542 6.9076 101680 284.8 0.486136227846146 18.3108557980759 10 136.748470903527 879199.999999999 8.13151629364128e-20 2.17283940315247 78.0697708129883 B
824.40212712079 4.3671 100320 292.09 0.520366132259369 22.8935394336749 17 83.9494463054777 1209000 8.13151629364128e-20 30.0340957641601 40.2592048645019 B
1816.62344897442 5.6849 101540 290.89 0.244499996304512 63.2822712088225 12 689.175230422153 2780000 0.0615000000000001 242 76.4960021972656 A
6.28859224127133e-17 2.8663 102240 274.72 0.291409999132156 -3.02280060424756 6 8.13151629364128e-20 8.13151629364128e-20 8.13151629364128e-20 8.13151629364128e-20 84.5859985351562 A
1788.00911623196 1.461021900177 102484.3671875 284.058044433594 0.21679013967514 27.0365371453248 11 269.943725624538 1907236.63801146 8.13151629364128e-20 5.27160453796387 29.3543167114258 A
2.32008103317296 2.08630847930908 101678.09375 289.021453857422 -0.0581155121326447 0.394674062256297 5 0.0458479560575924 8.13151629364128e-20 8.13151629364128e-20 22.1265830993652 66.7298583984375 A
0.773360344390985 4.1769 101700 283.87 -0.0932179987430573 -2.18572291653649 6 0.156434345409919 8.13151629364128e-20 0.0176000000000016 47 90.9400024414063 B
401.374018738921 4.39742136001587 100862.0859375 285.835540771484 -0.496377021074295 33.9060601839081 16 233.325374412224 819031.415193291 0.17915652430295 248.899337768555 58.4929275512695 B
6.28859224127133e-17 0.389450013637543 101460 269.290008544922 0.267729997634888 -15.4874656307823 6 8.13151629364128e-20 200 0.0090466325555014 4 94.4280014038086 B
148.485186123069 0.98385 101810 290.56 0.303517162799835 6.28978522378059 19 0.22252529364396 30000 0.021487 8.13151629364128e-20 57.9933662414551 C
6.28859224127133e-17 2.9296 100780 290.18 -1.09837460517883 -5.99132973937488 4 8.13151629364128e-20 1000 1.95 53.7777786254883 94.7547302246094 C
1576.10838186883 2.223 102490 291.61 0.441790014505386 39.960114379939 9 435.756356350583 2058000 8.13151629364128e-20 25 55.939998626709 A
2645.66573816156 3.22433567047119 102238.40625 295.749664306641 -0.199593484401703 52.3661711139773 14 501.835432530202 3086414.39484325 8.13151629364128e-20 115.016677856445 24.8050155639648 A
20.8807292985566 10.046 100990 281.03 0.560672700405121 10.4339960250349 7 4.53872743829781 116000 8.13151629364128e-20 0.124579131603241 70.8137664794922 B
2197.89009875918 2.59607791900635 101593.46875 287.721038818359 0.0733573660254478 49.7798141697277 10 508.454200245361 2378586.73128225 8.13151629364128e-20 189.046722412109 54.1395950317383 A
63.4155482400608 1.43250000476837 101710 286.989990234375 0.242369994521141 10.8582980672875 6 36.9343232929748 45000 8.13151629364128e-20 8.13151629364128e-20 65.281997680664 A
666.636616865029 1.0321 101800 281.94 -0.14816415309906 25.8001552392251 16 128.073447253202 151000 0.00390000000000002 11.6804170608521 95.729606628418 C
2275.22613319828 2.5286 102410 295.43 0.203624129295349 55.3196164201057 11 628.807471850272 3124000 8.13151629364128e-20 64.0687332153321 43.4519119262695 A
1542.08052671562 5.9236 101340 299.95 0.216084629297256 50.979728441603 14 555.854903735302 3016000 0.000976999999999992 169.359313964844 48.5720252990723 A
1483.30514054191 0.998799979686737 101710 294.450012207031 -0.0765850022435188 32.2800225745356 9 354.830517735234 1836717.47042456 8.13151629364128e-20 10 50.7589988708496 A
1558.32109394783 2.785 100970 298.36 -0.0866562500596046 25.7111856121375 17 169.74381789242 1629000 8.13151629364128e-20 19.0863800048828 31.0174942016601 A
6.28859224127133e-17 3.40869998931885 101950 286.730010986328 0.787609994411469 -10.8646468964267 21 8.13151629364128e-20 939.374118067065 0.00110250002660271 8.13151629364128e-20 58.5859985351562 A
19.3340086097746 2.9277 102370 287.87 0.0292732715606689 -3.13040016342852 20 8.13151629364128e-20 6000 8.13151629364128e-20 33.5775108337402 76.8175430297852 C
20.1073689541656 11.105 99472 284.28 0.567555367946625 3.0897075097557 16 8.34895538769647e-05 20700 0.00190000000000001 98.1343688964844 80.1167373657226 C
1313.93922512028 4.0262 101810 292.48 -0.0811470374464989 21.984803885356 17 140.619991829275 1034000 0.0244 237.086853027344 78.4881362915039 A
312.437579133958 1.18155920505524 102530.25 277.027160644531 0.102326393127441 7.88341649918259 8 45.4127397726184 275765.856480285 8.13151629364128e-20 8.13151629364128e-20 17.7426319122314 A
27.0676120536845 1.60321581363678 101588.6953125 289.865936279297 -0.040392205119133 5.73296336554316 5 4.18303380685131 8.13151629364128e-20 8.13151629364128e-20 8.13151629364128e-20 63.6224212646484 A
643.435806533299 3.053 101450 293.48 0.259926706552505 64.1156400040356 11 688.872334968748 1367000 0.01855 193.878677368164 75.1734771728515 B
259.849075715371 1.4232 101060 292.72 0.150131240487099 18.3198109391635 7 127.443848034035 616000 0.36133 455.191253662109 72.3426666259766 B
1306.97898202076 2.40908765792847 101170.8046875 290.24365234375 -0.231194898486137 36.6819365542531 8 360.278423373766 1121597.80634278 0.01012253713889 100.462860107422 70.1425094604492 B
2463.92605722968 5.5012 101170 291.55 0.200039997696877 41.3281872643714 15 344.281363970623 2568000 8.13151629364128e-20 58 27.8759994506836 A
341.051911876424 7.21247482299805 101858.40625 287.623291015625 -0.548127293586731 36.9970767248254 8 365.941560497717 136565.905154757 0.953532791004406 12.3760719299316 95.2039947509766 C
11.6004051658648 1.9353 101770 286.14 -0.182242333889008 -1.85008102800351 19 8.13151629364128e-20 5000 8.13151629364128e-20 8.13151629364128e-20 31.1328639984131 B
692.930868574323 3.9108 101380 301.51 0.271133631467819 17.2104725004824 17 84.6338491959098 1165000 0.013672 221.540740966797 43.6095809936523 B
1607.04279564447 5.1342 102380 271.59 0.760773658752441 21.4193831126625 13 113.506833200281 1281900 8.13151629364128e-20 5.92592573165894 50.6400604248047 A
6.28859224127133e-17 0.61336 100680 271.87 -0.0240269992500544 -11.4648751629758 18 8.13151629364128e-20 8.13151629364128e-20 8.13151629364128e-20 8.13151629364128e-20 88.6119995117188 B
1576.10838186883 5.1491 102200 284.59 -0.027488000690937 47.5594347780748 15 448.620354198213 238000 0.638 52 88.625 C
1162.36059761965 6.5696 100730 278.7 0.441610008478165 29.2425552295005 12 200.908169839519 1285400 8.13151629364128e-20 4 68.9400024414062 B
563.006330716637 9.91450023651123 100250 291.929992675781 0.864350020885468 47.8611307581806 9 515.056601990895 1283468.79838033 0.130122646374668 142 80.0999984741211 C
6.28859224127133e-17 3.6665 102010 273.92 0.356236726045609 2.88350595447395 8 0.392028849230014 2000 0.0145999999999997 49.7102317810059 95.5012817382813 A
1837.50417827298 1.65817475318909 101505.7109375 286.856658935547 0.0569128021597862 56.0943482652137 11 576.161850033778 2969978.19038883 8.13151629364128e-20 460.029907226562 55.7920608520508 A
959.740187389212 1.8473 102550 273.94 0.112023681402206 16.9208736799235 14 58.6705717791917 593900 0.0044000000000004 0.814814567565918 98.992561340332 C
1873.07875411497 5.3864 101300 305.36 0.336230009794235 36.5510063901997 15 361.171275635873 2480000 8.13151629364128e-20 36 22.5279998779297 A
1328.63307166371 2.4888 102210 295.01 0.108436822891235 24.1755489136036 17 101.24751840681 1226000 8.13151629364128e-20 22.6542739868164 44.7651405334473 B
2102.76677639909 2.07439994812012 101450 302.420013427734 0.164330005645752 45.1588700781028 15 463.399172645938 2920727.30979717 0.000313652791223318 470 39.8610000610352 A
1271.40440617878 2.2064 101830 288.67 -0.247049659490585 65.6308425359513 13 673.737009571835 956999.999999999 0.00391000000000002 76.9382781982422 75.2722778320312 B
564.553051405419 3.2781 100390 286.79 -0.346174955368042 27.8764276070148 11 284.654094864779 1768000 0.220999999999997 273.330474853516 80.726333618164 A
113.683970625475 2.06721687316895 101758.1015625 286.980529785156 0.0307813808321953 -3.15124612474877 19 8.13151629364128e-20 8.13151629364128e-20 0.0159666382211479 186.801818847656 93.077262878418 A
2986.71765003798 2.94160008430481 101940 292.799987792969 0.0791229978203773 68.5859110028366 12 713.016819375227 3858469.47118608 8.13151629364128e-20 81 47.4799995422363 A
75.0159534059255 5.0822 100460 283.82 0.163179993629456 12.224376737278 6 29.4709963517166 70000 8.13151629364128e-20 8.13151629364128e-20 73.1890029907227 A
6.28859224127133e-17 2.41679215431213 101121.109375 286.435516357422 -0.0967683717608452 -2.89576435046799 4 8.13151629364128e-20 8.13151629364128e-20 8.13151629364128e-20 14.5928039550781 100 B
1018.51557356293 1.93238711357117 101375 299.297729492188 0.174282774329185 12.2979144776756 17 32.0566396362335 802643.235771878 8.13151629364128e-20 15.5168800354004 30.0189323425293 A
1183.24132691821 2.74164581298828 101925.6328125 304.810028076172 0.281689405441284 27.2265379163594 16 219.885109563565 1570017.165347 8.13151629364128e-20 65.1160583496094 29.1583309173584 A
876.217270194986 0.49464 101270 295.55 -0.592378199100494 25.8470732233071 16 198.427064804778 63000 2.57 993.641723632812 78.8213882446289 B
149.25854646746 7.7258 102190 282.49 0.664412140846252 4.7785450363624 8 14.9203261986859 185900 8.13151629364128e-20 8.13151629364128e-20 68.2413177490234 B
6.28859224127133e-17 0.911052942276001 100835.5078125 287.435363769531 -0.509913146495819 -9.26076550840294 20 8.13151629364128e-20 147.013833429514 8.13151629364128e-20 8.13151629364128e-20 51.3450241088867 C
52.588503418587 4.9445 101580 283.83 0.106000289320946 4.59084499687428 16 0.00873883836468457 44000 8.13151629364128e-20 3.97777771949768 71.466911315918 B
6.28859224127133e-17 1.3614 101490 285.07 -0.307469993829727 -3.57615659324553 6 0.0216633621271709 2000 8.13151629364128e-20 8.13151629364128e-20 51.6980018615723 B
54.1352241073689 1.8681 101530 284.51 0.0472939983010292 4.39738885627586 18 1.10206353937749e-06 267000 0.00150000000000006 51 73.218002319336 A
2183.19625221575 3.63820004463196 102120 292.459991455078 -0.16991999745369 30.5743069930175 15 269.157865044412 2088153.9845755 0.000964285686221202 78 62.4990005493164 A
6.28859224127133e-17 6.7451 100960 281.5 0.529554903507233 -10.2899490767678 5 8.13151629364128e-20 8.13151629364128e-20 8.13151629364128e-20 8.13151629364128e-20 82.2747497558594 B
1452.37072676627 4.19579982757568 102760 276.730010986328 0.427210003137589 22.0675872364295 12 143.325060196268 575445.596598564 8.13151629364128e-20 8 51.5050010681152 A
2161.5421625728 3.7895 102070 289.52 0.000374644994735718 64.8670676555333 11 683.699315636519 3208000 0.000899999999999679 196.384963989258 55.6849250793457 A
456.282603190681 5.7411 102290 285.7 0.363050013780594 47.5981285411374 9 510.298615907787 2418000 0.00680000000000014 161 59.7239990234375 B
1126.78602177767 6.3151 100990 289.39 0.0207819994539022 42.2510911989632 15 357.211293470941 2372000 0.123100000000001 782 70.9229965209961 B
1389.7285388706 4.09363460540771 101187.71875 290.110076904297 -0.193996876478195 21.7488831032067 16 136.611357713893 861864.555655292 0.00676443692573617 134.397705078125 71.0543060302734 A
1698.2993162826 3.6502 102240 296.93 -0.0843930020928383 22.4743643645325 15 137.899489206135 1673000 8.13151629364128e-20 40 35.6459999084473 A
1215.72246138263 5.3475456237793 101137.3125 284.959289550781 -0.62799459695816 33.7342288890937 16 230.639305213829 1164538.3588288 0.0430220314364336 311.780395507813 87.5956268310547 A
5.41352241073689 4.37013006210327 102184.984375 277.497741699219 0.708397328853607 0.635370190388734 7 4.61898522791957 237884.577468545 8.13151629364128e-20 0.783672749996185 81.3107223510742 A
6.28859224127133e-17 0.71048 102430 286.11 -0.10649000108242 -12.0399363744921 18 8.13151629364128e-20 8.13151629364128e-20 0.00399999999999956 1 85.1539993286133 B
15.4672068878197 1.3722 101670 287.18 0.0589393489062786 4.500261151588 5 2.17547685871833 26000 0.083008 8.13151629364128e-20 45.2816276550293 A
223.501139528995 3.6272 101950 288.48 0.202538877725601 6.28999392679661 19 0.197564838254154 69000 8.13151629364128e-20 2.12185001373291 61.3978042602539 C
1117.50569764497 5.98260021209717 100300 285.910003662109 -1.27629995346069 36.4561931235871 12 401.589027671941 192882.487100855 1.19662491334655 78 93.4369964599609 B
6.28859224127133e-17 4.0363 102210 276.73 0.386046469211578 -6.08989500429722 17 8.13151629364128e-20 300 8.13151629364128e-20 6.07877731323242 90.8837509155273 C
735.465687515827 1.8557 101300 289.95 -0.466758549213409 33.0387943912321 16 297.204767793112 287000 0.0470000000000006 117.082214355469 96.6561279296875 B
6.28859224127133e-17 1.6733 101380 292.25 -1.50349998474121 -10.683326061589 21 8.13151629364128e-20 8.13151629364128e-20 4.078 390 85.7279968261719 C
1419.88959230185 2.6407 100970 287.45 -0.0850921049714088 60.8193904443945 11 636.635322742233 598000 0.4785 701.889892578125 92.2696075439453 C
26.2942517092935 2.78872895240784 101434.03125 302.855682373047 -1.22890591621399 -5.03248242958999 19 8.13151629364128e-20 14205.4177984782 8.13151629364128e-20 101.623931884766 31.5935611724854 B
348.785515320334 0.56766 101670 294.21 0.17512571811676 6.10809381131878 19 0.425906635260415 42000 8.13151629364128e-20 0.2328040599823 45.4646644592285 A
2526.56824512535 5.2722 102350 298.94 -0.128159999847412 47.0736314423947 15 436.328163436195 2824000 8.13151629364128e-20 44 26.753999710083 A
1057.18359078248 7.1196 101660 285.28 0.542876899242401 22.3497559686126 11 180.640309233805 1059300 8.13151629364128e-20 6.1234564781189 76.1272583007813 A
493.403899721448 3.2184 102650 282.03 0.155478984117508 24.9183708284086 7 184.382204654813 925399.999999999 0.00199999999999889 58.0153198242188 88.3737487792969 B
6.28859224127133e-17 2.4064 102010 278.15 0.0487439334392548 -4.23010311715562 17 8.13151629364128e-20 1000 0.0605000000000002 21.5628814697266 97.570297241211 B
188.6999240314 5.499 100580 284.58 0.769368767738342 39.07542467687 14 327.40347581631 188000 8.13151629364128e-20 131.188217163086 75.4629745483398 C
2707.53456571284 6.67280006408691 101702.5 295.333526611328 -0.0972823053598404 48.1681810856876 13 543.4751986524 2877398.89660093 8.13151629364128e-20 158.933898925781 23.8053588867188 A
891.684477082806 1.1311 100400 291.89 -0.612417638301849 52.8206050870389 14 507.519808339517 2994000 0.00690000000000013 877.364807128906 47.6734085083008 A
1972.06887819701 2.4209 101720 294.61 0.143288642168045 56.2661123017684 10 605.914593587103 2956000 0.000970000000000026 105.703506469727 39.1674423217774 A
1228.86958723728 1.299 101750 292.04 0.143468201160431 36.1436414505469 8 356.885182715024 1772000 0.000489999999999991 11.8971939086914 74.6902847290039 A
7.73360344390985 3.2065 102010 287.36 0.270318329334259 -2.76577343998797 20 8.13151629364128e-20 7999.99999999999 8.13151629364128e-20 8.13151629364128e-20 65.0506210327148 C
365.799442896936 0.22732999920845 102190 277.899993896484 0.306260764598846 2.76531837331988 16 8.72157244310952e-06 56000 8.13151629364128e-20 8.13151629364128e-20 65.3752517700195 A
1922.57381615599 1.4327 100610 289.94 -0.177357107400894 59.8323583971892 11 624.550106008806 3102000 8.13151629364128e-20 595.951171875 55.9748344421387 A
13.9204861990377 0.14102 102000 285.51 0.319189995527267 -0.49506065745076 6 0.757689881578741 7000 8.13151629364128e-20 8.13151629364128e-20 83.7419967651367 A
17.7872879209927 1.23044669628143 101810 295.706665039062 0.133743673563004 -3.69995305478052 20 8.13151629364128e-20 16589.8277290959 8.13151629364128e-20 520.096313476562 64.8491668701172 A
992.221321853634 1.0802 101730 291.1 0.114070937037468 32.3203615772402 8 313.773029485431 1596000 8.13151629364128e-20 42.2177429199219 71.2343597412109 A
337.185110154469 2.92995190620422 100954.6328125 285.605743408203 0.00823074579238892 21.0774224811194 7 116.811682188856 472906.826091813 8.13151629364128e-20 0.769589185714722 57.4218063354492 B
1463.19777158774 2.821 102460 284.69 0.0382519587874413 45.883289876935 10 445.752527515761 944000 0.0233999999999999 35.2245330810547 89.8433074951172 B
6.28859224127133e-17 0.26274 101590 294.03 0.134356915950775 -13.2464243272009 20 8.13151629364128e-20 8.13151629364128e-20 8.13151629364128e-20 8.13151629364128e-20 47.6099395751953 A
787.280830590023 1.9549 101820 282.86 -0.576870024204254 52.0714093334211 12 511.484617205238 345000 0.32716 104 95.3539962768555 C
2603.13091922006 2.18921637535095 101860.359375 301.593688964844 0.199225261807442 63.6665293014783 13 675.367292072817 3284504.94121143 8.13151629364128e-20 45.9199981689453 33.8431510925293 A
1355.7006837174 5.7924861907959 102017.0859375 286.113220214844 -0.0997707769274712 25.0863334081325 17 115.849632087504 842766.546838997 8.13151629364128e-20 58.7849426269531 54.3835487365723 B
158.538870600152 3.7739 102430 269.37 0.278303176164627 16.7935103195217 10 84.9459600220297 203300 0.13818 5.4761905670166 99.4082412719727 C
618.688275512788 8.11400032043457 100540 286.339996337891 0.535929977893829 45.2369929505553 9 471.191372908524 903069.601631203 8.13151629364128e-20 8.13151629364128e-20 77.1100006103516 C
74.2425930615346 2.19 101490 289.19 -0.69591349363327 0.723526207101464 19 8.13151629364128e-20 9000 8.13151629364128e-20 167.86213684082 59.6977577209473 B
1652.67105596353 5.11148118972778 101644.2109375 281.386596679688 0.137565389275551 30.3132321442691 11 325.70308337135 1452961.11224237 0.00181111104643591 60.7552871704102 70.1241760253906 A
104.403646492783 4.2034 102130 286.31 0.32364422082901 37.0626957081222 16 297.938367512131 418000 8.13151629364128e-20 1.14457869529724 56.3728675842285 B
6.28859224127133e-17 3.6363000869751 103120 273.390014648438 0.605120241641998 -6.2800813966115 17 8.13151629364128e-20 8.13151629364128e-20 0.00099999999999989 1.75555515289307 62.2640953063965 A
6.28859224127133e-17 0 101795.71875 275.117797851562 0.190799489617348 -15.3404281894746 5 8.13151629364128e-20 8.13151629364128e-20 8.13151629364128e-20 8.13151629364128e-20 89.2270202636719 A
682.103823752849 1.75284481048584 101360 284.490112304688 0.0129973106086254 26.6130270422935 7 215.900414500404 132702.562836015 0.0176578989798295 1.65826976299286 95.6448745727539 C
1013.10205115219 1.0305 101980 289.73 0.213377505540848 32.5213540202202 8 315.927763384337 1615000 0.000980000000000009 9.71428489685059 72.4654006958008 A
1167.000759686 1.2817 101180 294.61 0.697820007801056 38.8981938856976 9 425.234409993234 1326000 2.4248 576 80.2990036010742 C
266.035958470499 4.2606 101450 295.35 -0.217646658420563 17.3171438636481 7 118.309014878869 857999.999999999 8.13151629364128e-20 64.5038757324219 50.9407730102539 A
1719.18004558116 9.3320426940918 101001.3125 293.033142089844 0.4757159948349 28.2948839017747 14 234.980294500436 1884289.33579663 8.13151629364128e-20 22.0641174316406 55.8581352233887 A
434.628513547734 6.9014 102000 286.92 0.191237956285477 23.6587001554843 7 161.903898758796 1082000 8.13151629364128e-20 10.4170207977295 67.2893753051758 A
648.075968599645 8.5658 100940 287.9 0.190670222043991 23.0011459389047 10 225.611476457348 1050000 0.0039063 24.8888893127441 75.9023361206055 C
919.525449480881 1.0945 102810 285.58 0.343970000743866 11.4568716707915 15 13.6955175725157 810000 8.13151629364128e-20 8.13151629364128e-20 55.6800003051758 A
1043.26310458344 1.8428 101630 292.34 -0.159026190638542 34.7784954224709 8 340.842389154859 1559000 8.13151629364128e-20 17.8694038391113 51.8896865844727 A
1072.6507976703 3.9733 102080 280.4 0.240314900875092 20.680367063068 13 112.369136775093 941100 8.13151629364128e-20 119.120178222656 83.4849014282227 A
680.557103064067 3.0971999168396 101700 290.839996337891 -0.117710001766682 60.4008874558745 12 670.39112750154 957638.884740799 1.76782231717523 106 94.8720016479492 C
778.000506457331 3.7093 101280 295.32 0.255840003490448 14.8145168583347 18 45.4624574724278 893000 0.011719 22 60.5989990234375 B
2092.71309192201 1.13129997253418 101410 289.010009765625 0.0512109994888306 37.5850880045176 12 418.596518699143 2969148.96056148 8.13151629364128e-20 27 60.5519981384277 B
311.664218789567 0.76005482673645 102006.53125 285.506011962891 0.172086015343666 17.571492276986 7 120.085470863767 704735.246379334 8.13151629364128e-20 7.60452461242676 74.1071243286133 B
324.811344644214 1.17639744281769 102462.5234375 275.671875 0.296424984931946 9.5026638556974 8 63.3709545455111 514099.398581574 8.13151629364128e-20 8.13151629364128e-20 66.6646041870117 B
2931.80906558622 4.68952083587646 102466.984375 293.570220947266 0.122250594198704 64.0466591522022 13 648.164747739028 3197563.85398385 8.13151629364128e-20 64.888427734375 45.7655220031738 A
934.992656368701 4.748 101460 289.35 0.410466253757477 22.7308868954836 17 148.357267198385 1480000 0.00199999999999978 74.7834930419922 74.1366577148437 A
2296.10686249683 2.34629988670349 101680 303.149993896484 0.155340000987053 45.8893269535296 15 468.355576527409 2930537.9233067 8.13151629364128e-20 384 39.9519996643066 A
50.268422385414 5.3261 101240 299.03 0.344399333000183 -3.67916711027377 19 8.13151629364128e-20 19000 8.13151629364128e-20 8.13151629364128e-20 46.9264450073242 A
2217.22410736895 0.530029535293579 101213.6484375 289.325744628906 0.478271633386612 34.3879924005805 13 348.940775830066 1858608.0517427 8.13151629364128e-20 15.3333339691162 69.5406646728516 A
3.86680172195493 3.00589919090271 102626.1171875 285.098205566406 0.496641844511032 -2.78500682859358 17 8.13151629364128e-20 7638.74731165116 0.0616282715513626 7.79401779174805 99.0120468139648 C
1795.74271967587 2.5963 101400 296.12 0.0759909972548485 66.9363013229463 12 708.080566677136 3218000 0.000976000000000004 96 61.1629981994629 A
588.52722208154 1.1335 101830 294.87 0.112109996378422 47.6987131433981 15 453.200765417197 1263000 0.0820000000000001 794 63.2589988708496 B
2392.00354520132 3.97623348236084 101258.8203125 299.962677001953 -0.258069157600403 49.3307965756617 11 575.014019282139 2771656.0802715 8.13151629364128e-20 163.758117675781 51.9351921081543 B
9.28032413269182 3.0907 101660 286.21 -0.052606575191021 4.86180871609728 5 1.22737076947507 22000 8.13151629364128e-20 8.13151629364128e-20 48.2669219970703 B
2443.04532793112 5.16459989547729 101970 294.510009765625 0.334960013628006 51.0968763628395 12 589.632661592318 2802440.71035999 0.000405123664858394 132 52.6430015563965 A
441.588756647252 2.64148688316345 102029.875 287.328460693359 0.0838476717472076 22.6257442344457 7 169.756721329792 807798.271415335 8.13151629364128e-20 20 78.5517501831055 B
1657.31121802988 1.5311 101580 300.41 0.246623396873474 28.2865973091964 16 234.847115666611 1759000 8.13151629364128e-20 24.2328033447266 47.8013153076172 A
629.515320334262 3.0987 101760 275.27 0.658060789108276 20.7891310371287 11 127.096314052475 239610 0.00100000000000477 23.0725269317627 96.4885635375977 B
153.898708533806 5.2944 101420 295.66 -0.274196565151215 0.039523386823061 19 0.000269763769726812 37000 8.13151629364128e-20 93.0146179199219 39.8581275939941 A
1264.44416307926 3.74370002746582 101290 286.350006103516 -0.0157709997147322 63.4131879699384 12 648.478934267379 2943744.12913754 8.13151629364128e-20 156 65.4830017089844 A
2559.82273993416 3.7895 101690 290.18 -0.175534158945084 53.8736175260252 14 521.599824688865 2951000 0.000999999999999446 149.263153076172 71.5733184814453 B
1162.36059761965 6.02680015563965 101900 288.690002441406 -0.132530003786087 47.5594347780747 15 448.269684726825 993090.500547479 0.223707405904259 80 93.129997253418 C
2477.07318308432 3.95427799224854 101665.6640625 292.541168212891 -0.115114234387875 40.4124199323401 13 441.040001290777 2494026.23500372 8.13151629364128e-20 41.8358001708984 33.5353775024414 A
191.793365408964 4.2515 101910 286.06 -0.389228463172913 4.29931826736731 19 1.50796029827697e-07 2000 0.0329999999999977 33.9803085327149 94.9308090209961 C
2559.82273993416 3.79906606674194 101629.6953125 291.43798828125 0.0448456630110741 64.9616245162262 11 684.889952583364 2669410.88684721 8.13151629364128e-20 262.322113037109 67.2488021850586 B
2219.54418840213 6.4049 102360 290.1 -0.216440007090569 39.5682161835214 15 320.287834169025 2389000 8.13151629364128e-20 78 35.7639999389648 A
63.4155482400608 0.91012 101270 287.25 0.00820539984852076 11.8518390277497 6 43.4824990549366 1800 0.0130000000000017 1 98.734001159668 C
758.666497847556 0.526924133300781 102110 288.645721435547 -0.00876951217651367 19.7296009293321 8 180.215871630602 1026213.18211505 8.13151629364128e-20 2.0888888835907 64.689468383789 A
6.28859224127133e-17 3.063 101460 290.52 -0.20028030872345 -3.52433254627482 5 5.78664950851482e-07 8.13151629364128e-20 8.13151629364128e-20 8.13151629364128e-20 68.7953796386719 A
40.2147379083312 3.629 100280 280.37 -2.24542140960693 20.7536991489296 11 127.78771702013 55260 1.4 0.866066694259644 73.8899917602539 C
6.28859224127133e-17 10.473 100850 286.24 0.626709997653961 -11.56294614695 6 8.13151629364128e-20 8.13151629364128e-20 8.13151629364128e-20 8.13151629364128e-20 73.6230010986328 A
4.64016206634591 2.83538699150085 101523.3359375 288.634521484375 0.225567355751991 -3.00686957113779 20 8.13151629364128e-20 10829.3496006635 0.000593371578001125 12.2938270568848 70.8463973999023 A
1263.67080273487 2.1894 100830 289.83 -0.203074991703033 22.3495952779034 17 77.4432541938175 889999.999999999 0.208 780.626159667969 54.3100852966309 A
190.246644720182 3.5609 101290 294.28 0.271129757165909 4.80259395140987 19 0.434252562822863 15000 8.13151629364128e-20 5.13656806945801 62.7304992675781 B
806.614839199797 1.822 101510 282.99 0.332358866930008 30.1525104102432 8 236.342035868504 1419000 8.13151629364128e-20 22.3805809020996 47.7287101745605 A
1068.01063560395 1.7523 101690 284.95 -0.6180499792099 24.6750557843386 12 151.776956055747 1139200 8.13151629364128e-20 44 77.8929977416992 B
1027.79589769562 0.98459 100820 292.42 -0.338527113199234 26.5388132341317 17 151.254032206812 1204000 1.7785 731.408081054687 76.6586990356445 B
1010.00860977463 1.5194 101600 288.29 0.139894723892212 17.8966061320268 14 75.7412993120883 1069000 8.13151629364128e-20 14.0070543289185 62.3422431945801 B
6.28859224127133e-17 3.3813099861145 101467.015625 301.204528808594 -0.871316194534302 -14.9724981482683 20 8.13151629364128e-20 6657.71738346124 8.13151629364128e-20 69.5897445678711 38.0770568847656 B
1501.86578880729 3.3964 101250 293.04 -0.598510026931763 37.0650065446893 15 287.097931556625 2203000 0.53125 926 65.9540023803711 C
2294.56014180805 7.2264609336853 100763.3359375 300.117523193359 -0.938834071159363 62.4563001717202 11 679.32111840578 3153395.24204923 8.13151629364128e-20 449.595764160156 55.1264991760254 A
138.431501645986 4.8242 100860 281.51 0.4981609582901 2.99887561422064 17 3.65216202279982e-05 183000 8.13151629364128e-20 6.1616153717041 72.1536102294922 B
330.998227399342 4.78687858581543 102076.6640625 292.181549072266 0.0554936826229095 1.94414220042128 19 0.0279390467330705 28178.8228824789 8.13151629364128e-20 8.13151629364128e-20 59.3100891113281 A
228.141301595341 4.46788311004639 100800.3828125 287.3798828125 -0.41575038433075 26.5104323984085 17 165.674488365766 400495.03292551 0.549870990114985 268.356689453125 92.4841003417969 C
1129.10610281084 6.09142589569092 100902.6796875 285.8564453125 0.196340903639793 33.1492346543167 10 381.398057746048 1430907.02472373 0.00103859990567003 137.122009277344 82.8098983764648 A
6.18688275512788 7.8644 102210 282.25 0.817642748355865 -4.43440210087079 7 0.000177752618348674 5100 8.13151629364128e-20 8.13151629364128e-20 72.5166625976562 B
1798.06280070904 1.661 103390 282.66 0.315609097480774 25.9794091987552 14 153.863195864916 1620600 8.13151629364128e-20 4.44444465637207 84.4815979003906 A
1168.54748037478 0.47594 101720 280.28 -0.308264017105103 20.6785220983759 11 132.589572705773 1163300 8.13151629364128e-20 2.46913576126099 78.0484313964844 A
384.36009116232 4.8156 101740 280.72 -0.106714487075806 3.63463673576753 16 0.000955645738711675 68600 8.13151629364128e-20 8.13151629364128e-20 73.677848815918 C
1958.14839199797 1.26718866825104 102355.6328125 281.625427246094 0.082567423582077 29.0606830480994 11 304.862439138692 1783934.21030988 8.13151629364128e-20 8.22962951660156 58.648380279541 B
1455.46416814383 5.35710000991821 102180 289.140014648438 0.100780002772808 47.5038237527945 15 446.664867290356 414236.255597792 0.2022509755282 51 93.9909973144531 C
677.463661686503 1.9093 101550 294.09 -0.0294870007783175 14.2029859847067 18 13.0905241216788 512000 8.13151629364128e-20 766 59.7639999389648 A
32.4811344644214 1.1349 101870 289.15 0.215958207845688 -6.70703065686538 19 8.13151629364128e-20 9000 0.00099999999999989 8.13151629364128e-20 57.941047668457 B
92.0298809825272 4.39470386505127 99168.3359375 280.365844726562 -0.798362493515015 5.39280432467586 8 20.4105866778831 135811.190928726 0.722132187349344 111.865982055664 95.2242813110351 A
6.28859224127133e-17 0.73048 102310 285.51 0.0346637964248657 -3.65074974467358 4 8.13151629364128e-20 8.13151629364128e-20 8.13151629364128e-20 8.13151629364128e-20 48.837718963623 A
2321.62775386174 2.2923 102290 292.77 0.0753957331180573 56.0089498063532 10 602.350869214046 2980000 8.13151629364128e-20 51.7770767211914 48.2462615966797 A
774.907065079767 2.8152 102210 284.76 0.264015287160873 37.3059550947962 8 371.164461993487 1477000 8.13151629364128e-20 43.9024314880371 79.3717803955078 B
6.28859224127133e-17 2.2358615398407 102490 282.218170166016 0.827136754989624 -8.25279528889591 4 8.13151629364128e-20 8.13151629364128e-20 8.13151629364128e-20 8.13151629364128e-20 58.6488304138184 A
6.96024309951886 6.18769979476929 100290 273.549987792969 0.668479979038239 10.973602505561 9 46.4172515406997 266400 0.033691 8.13151629364128e-20 52.8800010681152 B
170.912636110408 0.80028 101270 291.97 -0.269930928945541 25.563728304768 7 202.719319879166 516000 0.01563 29.0380973815918 57.6727371215821 B
511.191187642441 4.1816 101860 280.37 0.458539992570877 26.224140009781 15 149.755047388216 1587000 8.13151629364128e-20 124 56.7029991149902 B
98.2167637376551 0.57744 101740 285.54 0.0207499992102385 11.0639020249063 6 38.3044158422671 41000 8.13151629364128e-20 8.13151629364128e-20 76.593002319336 A
75.0159534059255 6.2877721786499 101653.9140625 286.761901855469 0.186703577637672 3.3921722976539 7 15.1039741462403 284367.867433486 8.13151629364128e-20 1.1700336933136 81.641342163086 A
545.219042795644 3.1749 102110 280.31 0.238100007176399 10.591327518886 15 9.26808627232055 547800 0.00200000000000067 72 75.7649993896484 A
608.634591035705 2.31 100880 296.81 -0.538851499557495 20.1022653661407 17 119.325502650509 1345000 0.0331999999999999 321.688873291016 72.8000564575195 B
1723.04684730311 1.5776 101400 292.67 -0.289629995822906 42.4718802095551 15 360.35189036319 2511000 8.13151629364128e-20 426 48.2169990539551 B
15.4672068878197 1.1001 102850 284.56 0.355024874210358 2.61057567946215 7 11.7398938152608 88199.9999999999 0.0156000000000001 0.819753170013428 99.0399856567383 B
78.1093947834895 8.9084 100250 279.8 0.621891379356384 20.9985075697721 11 125.456863144145 773600 0.01856 8.13151629364128e-20 77.1919479370117 C
1839.05089896176 3.8351 101410 301.4 -0.226897686719894 46.7291434232629 10 535.236993673557 2662000 8.13151629364128e-20 45.7950096130371 42.9405097961426 A
6.28859224127133e-17 0.98945 102450 280.43 0.4944748878479 -13.1248681596054 5 8.13151629364128e-20 8.13151629364128e-20 0.00389999999999979 8.13151629364128e-20 95.5063781738281 B
5.41352241073689 1.92616105079651 101011.0234375 292.952484130859 -0.531985819339752 2.620152524299 5 0.577582771082515 8.13151629364128e-20 8.13151629364128e-20 52.3788146972656 48.3187942504883 B
2081.88604710053 2.1352 101430 303.08 -0.834148108959198 44.7420398022885 14 485.201419626006 2782000 0.000976000000000004 726.197204589844 42.348762512207 A
1007.68852874145 1.93306016921997 101635.328125 302.454223632812 0.458307325839996 24.7314100446728 17 165.049217102911 1570318.34284401 0.000357609706823724 510.921875 41.911693572998 A
1788.78247657635 4.311 100390 288.1 0.181170001626015 43.6612526411061 9 443.681363074294 2185000 8.13151629364128e-20 92 64.561996459961 A
1801.929602431 4.05630016326904 101710 293.309997558594 0.139890000224113 42.5807523472534 9 461.30570349534 2381773.40224954 8.13151629364128e-20 70 51.9500007629395 A
2337.86832109395 4.5004 102450 292.7 0.127820000052452 68.4305436083077 12 712.881583986455 3464000 0.000969999999999998 103 49.7410011291504 A
83.5229171942264 4.5863 101930 279.25 0.494793355464935 17.1531426279379 16 44.9815100937715 542000 8.13151629364128e-20 85.1106796264649 57.9773712158203 B
6.28859224127133e-17 5.8272 101620 269.79 -0.126539468765259 -5.83315415213935 7 8.13151629364128e-20 400 0.00779999999999959 1.33333325386047 84.6236953735352 A
6.28859224127133e-17 1.3867 101560 272.41 0.065422460436821 -21.2679086652547 19 8.13151629364128e-20 8.13151629364128e-20 8.13151629364128e-20 8.13151629364128e-20 86.5563125610352 A
205.713851608002 1.2045 101280 288.16 -0.315813183784485 22.5498683234497 17 146.529774662095 30000 0.8025 11.666130065918 98.0418319702149 C
6.28859224127133e-17 5.7283 102090 279.52 -1.30169999599457 -16.1588952701557 18 8.13151629364128e-20 8.13151629364128e-20 0.828000000000003 22 89.2910003662109 C
6.28859224127133e-17 2.2703 101980 279.69 -0.138593897223473 -6.08615199302158 17 8.13151629364128e-20 8.13151629364128e-20 0.03613 1.02456140518188 99.2025985717773 C
192.566725753355 1.2000766992569 101292.5 286.687744140625 0.0392993465065956 13.5467945220851 7 85.1215340953181 604509.514572586 8.13151629364128e-20 1.40689659118652 34.5322303771973 A
555.272727272727 3.95029997825623 101890 287.510009765625 0.707099974155426 24.0453388373838 15 163.01698338842 1492146.73586329 8.13151629364128e-20 37 56.3440017700196 B
37.1212965307673 2.08384990692139 102359.75 288.445587158203 -0.0596063435077667 4.87156578434301 5 2.72981768261799 8.13151629364128e-20 8.13151629364128e-20 8.13151629364128e-20 89.1688461303711 B
0.773360344390985 1.8206 101580 287.35 -0.0220160000026226 14.2689316039209 6 51.7113244671515 72000 0.16993 210 82.4729995727539 C
2018.47049886047 1.3758 102460 291.77 0.0141639998182654 32.2108438149728 12 334.250859161394 2196000 8.13151629364128e-20 24 45.3559989929199 A
0.773360344390985 3.94584226608276 101788.6875 286.481231689453 0.211931705474854 -3.06075153194496 20 8.13151629364128e-20 900.920732220639 0.0223113930476901 8.13151629364128e-20 95.1907653808594 B
1751.66118004558 2.0982 101860 301.3 -0.0840321034193039 46.0967617404634 10 529.287177670637 2614000 8.13151629364128e-20 393.266967773438 47.1669883728027 A
412.974423904786 2.3393669128418 101984.5390625 290.631317138672 0.0264117792248726 22.2557131145494 7 165.835482092842 785796.741334396 8.13151629364128e-20 9.63859558105469 84.1681823730469 A
1992.94960749557 5.1716 101500 290.89 -0.112359598278999 57.6327973687364 14 593.86970872005 2219000 0.0310000000000006 125.376968383789 66.9364471435547 B
1407.51582679159 2.5415 101500 296.69 -0.668160021305084 42.5264437092189 15 438.678706816029 1826000 0.0019531 208 48.6180000305176 B
241.288427449987 0.600510001182556 103120 284.890014648438 0.206619992852211 14.6024266918213 9 111.601251446981 144339.352432424 0.0122230402538632 8.13151629364128e-20 95.8000030517578 B
2058.6852367688 3.08111596107483 101219.953125 300.659393310547 0.101664520800114 36.853126719968 16 322.771932850047 2011969.10165429 8.13151629364128e-20 213.209487915039 35.4931831359863 A
1601.62927323373 3.40521740913391 101888.9453125 301.790435791016 0.0940218865871429 23.737233027828 17 157.611869533037 1575165.29035871 8.13151629364128e-20 41.2716674804687 22.6773204803467 A
2510.32767789314 5.855299949646 101490 291.109985351562 0.223299995064735 59.4463408092299 12 663.508513260941 2619101.58709276 0.00254309190386565 154 62.5789985656738 A
1551.36085084832 3.3192937374115 101612.7578125 290.677642822266 -0.0266210548579693 18.4130420224269 16 88.2413858668545 911164.51160508 8.13151629364128e-20 15.7842350006103 36.624137878418 A
2070.28564193467 2.90030765533447 101374.3828125 297.602203369141 0.489017128944397 36.5527060088742 16 282.872635113718 1931324.63610375 8.13151629364128e-20 26.6075763702393 30.4324722290039 A
302.383894656875 3.0891 102170 288.81 -0.0144963897764683 56.973932370186 10 621.739853804964 607000 0.2139 124.969367980957 96.4036026000977 B
27.0676120536845 1.61812627315521 102007.1953125 279.852203369141 -0.360184013843536 -0.505125620215526 7 2.09713699974294 57602.313770409 8.13151629364128e-20 8.13151629364128e-20 82.6407928466797 C
0.773360344390985 1.4987165927887 101296.8125 278.328887939453 -0.191112458705902 -4.97677290005331 17 8.13151629364128e-20 4622.80062631066 0.0469986979997521 49.3199996948242 96.0681762695312 B
6.28859224127133e-17 0.76225 101680 287.61 0.250404208898544 -4.1801269605419 4 8.13151629364128e-20 8.13151629364128e-20 8.13151629364128e-20 8.13151629364128e-20 81.5104522705078 A
788.827551278805 2.57621264457703 100710.0859375 284.184020996094 -0.343330502510071 34.6543000089566 8 322.480717500814 1201192.65075071 0.266494510890804 293.429718017578 81.9031143188476 C
556.046087617118 0.64219 103400 279.55 0.397172182798386 23.9792352930159 8 126.925268811367 920999.999999999 8.13151629364128e-20 8.13151629364128e-20 52.9070091247559 A
37.8946568751583 8.1744 101050 278.14 0.989664912223816 -0.831458432180345 17 8.13151629364128e-20 23000 8.13151629364128e-20 8.13151629364128e-20 67.4577941894531 B
918.75208913649 1.14699995517731 101810 271.829986572266 0.31745308637619 16.7322824512144 10 87.8642155925983 973800.000000001 8.13151629364128e-20 0.518518567085266 55.5865020751953 A
147.711825778678 0.924820005893707 101970 281.809997558594 0.054542999714613 15.9152011912044 6 76.3185065538396 298000 8.13151629364128e-20 8.13151629364128e-20 65.3820037841797 A
9.28032413269182 3.85726594924927 100972.03125 287.910827636719 -0.0334143340587616 6.96658405457424 7 35.7096266056976 68629.1691424833 1.47843581257613 50.8108978271484 92.5574417114258 B
485.670296277539 2.5718 101740 294.31 -0.533330023288727 47.6342391115356 9 512.632736199354 2125000 2.226 806 80.0640029907227 C
507.324385920486 1.6592 99937 276.89 0.504299998283386 22.3198768366914 9 93.6602461782245 103900 8.13151629364128e-20 8.13151629364128e-20 87.806999206543 A
289.236768802228 2.1550509929657 101047.890625 295.087432861328 -0.481984943151474 23.3209450005254 7 177.277339623266 727067.317809805 0.0249645938718151 49.4906768798828 50.1026077270508 B
303.157255001266 7.0931 102710 278.99 -0.57886666059494 17.856526588527 14 65.6983166654836 79900 0.977499999999999 2.66666674613953 93.6783981323242 C
1584.61534565713 4.90201902389526 101674.8125 298.721771240234 -0.575800120830536 32.8479430408389 16 295.109984406901 1672275.66472381 8.13151629364128e-20 51.3658065795898 50.1623611450195 A
2031.61762471512 3.9218 102140 293.4 0.379759907722473 27.0109072223918 14 213.538120027757 1880000 8.13151629364128e-20 47.4001693725586 45.4111633300781 A
195.660167130919 0.873279988765717 102070 290.089996337891 0.0376430004835129 15.4466309517244 6 72.1547084558845 222000 8.13151629364128e-20 8.13151629364128e-20 89.1350021362305 A
2337.09496074956 2.1 101800 295.96 -0.0528640002012253 61.6113873913954 12 678.649126664748 3230000 8.13151629364128e-20 136 53.4749984741211 A
452.415801468726 1.1767 101750 290.79 -0.0917564332485199 25.0280115730103 7 196.362468595956 949000 0.00487999999999999 0.903625130653381 48.3429489135742 A
371.986325652064 6.42935037612915 100575.953125 286.284057617188 -0.658422768115997 61.281515825706 11 642.138726544906 2775875.9047451 0.0445190543478675 303.822540283203 75.6808013916016 C
1540.53380602684 4.0324 101730 288.05 0.399526715278625 60.2328960342106 11 664.991058242529 2193000 0.00590000000000001 125.303031921387 76.1679382324219 B
1023.15573562927 2.229 101990 292.92 -0.101372480392456 11.1961655461864 16 13.501712607688 446000 8.13151629364128e-20 10.6139917373657 38.2755966186523 A
459.376044568245 0.30918 99799 280.73 -0.458144009113312 29.8480881766258 14 203.54295216101 106000 1.8867 332.354614257812 88.6470565795898 C
1290.73841478855 1.73689997196198 102010 284.399993896484 0.022367000579834 24.4445653503808 9 258.572187553396 1333060.43661245 8.13151629364128e-20 4 79.1429977416992 B
2146.84831602937 1.7461 102100 294.31 0.194079995155334 36.476928885965 15 279.40558751104 2277000 8.13151629364128e-20 20 43.8089981079102 A
2405.15067105596 1.47160792350769 100827.1875 283.835174560547 0.105415917932987 54.4162892088857 10 579.585548222563 2412395.32355689 0.000246296283361262 80.0244140625 75.8045120239258 B
1496.45226639656 3.7409999370575 102450 284.510009765625 -0.784900009632111 16.5817854562138 15 57.8157850894588 1394782.62652637 8.13151629364128e-20 8.13151629364128e-20 35.0909996032715 A
1543.62724740441 2.5181999206543 101560 284.190002441406 0.112279996275902 40.533148604637 9 386.382296074241 2153943.11921262 8.13151629364128e-20 238 65.129997253418 A
2586.89035198784 1.9524 101870 292.83 -0.00486180000007153 68.9497828468137 12 711.15099876169 3416000 8.13151629364128e-20 72 47.257999420166 B
1427.62319574576 4.9305 102420 271.4 0.794409990310669 22.8018589880855 12 137.875104000244 1354800 0.00195300000000001 8 49.7879981994629 A
2478.61990377311 1.6991 102020 298.93 -0.0480193793773651 53.4768076880195 13 523.212915860705 2983000 8.13151629364128e-20 45.4276084899902 29.5819702148438 A
2524.24816409218 2.39660000801086 101850 301.809997558594 0.017077999189496 66.0396604856328 12 704.064695928225 3750556.80664418 8.13151629364128e-20 540 50.4029998779297 A
47.9483413522411 10.503 100970 281.87 0.587296485900879 20.6910820181682 8 79.2714743345368 472000 0.0019531 0.451178461313248 70.5098190307617 B
1490.26538364143 4.7195 102540 275.33 0.727997839450836 25.8598228754359 13 158.230925868044 1489000 8.13151629364128e-20 21.6426544189453 56.6572494506836 A
1614.00303874399 1.78139972686768 101525.84375 287.721832275391 -0.405432224273682 60.1077863075619 13 602.268500103827 369676.223243967 0.376015383123051 89.6286926269531 90.9444046020508 B
272.222841225627 9.6902 100620 283.04 0.448980003595352 30.164917840583 15 198.472493880687 866000 0.0498 14 67.7720031738281 C
1234.28310964801 2.5921 103450 282.2 -0.0788682997226715 17.5264408149094 14 62.9840604336098 1049000 8.13151629364128e-20 8.13151629364128e-20 44.4021873474121 A
2265.1724487212 6.4467 101350 296.69 0.147974699735641 57.3214749494254 14 575.083084080626 3113000 8.13151629364128e-20 365.785949707031 49.642894744873 A
9.28032413269182 1.58404850959778 101027.015625 297.416473388672 -0.124459892511368 -6.67682461567701 20 8.13151629364128e-20 20229.0785193853 8.13151629364128e-20 3.69135761260986 32.6738662719726 B
2851.37958976956 2.995 100330 293.57 -0.0129490001127124 63.4131879699381 12 648.454235089487 3232000 8.13151629364128e-20 224 39.7039985656738 B
164.72575335528 6.4205 101340 292.66 0.0670924410223961 10.9856190363633 7 65.3034801075922 6e+05 8.13151629364128e-20 1.20311856269836 72.3527221679688 A
798.107875411496 5.1571 101740 286.11 0.0141273066401482 22.1930377261784 13 144.777520185453 873000 8.13151629364128e-20 12.8641977310181 74.6112060546875 C
40.9880982527222 0.660285949707031 102033.3046875 291.579498291016 -0.0509195849299431 5.57493671994521 5 3.89451259076722 8.13151629364128e-20 0.0493773164689622 516.81298828125 100 C
6.28859224127133e-17 4.9628 103420 275.49 0.868888080120087 -5.89797801965336 7 8.13151629364128e-20 8.13151629364128e-20 8.13151629364128e-20 8.13151629364128e-20 88.0689926147461 A
662.769815143074 2.50156784057617 101376.484375 287.240173339844 -0.0217614136636257 36.7536779062703 8 361.572383792632 1294009.43125636 0.0247368284171377 106.88134765625 86.1898803710938 A
2593.85059508736 2.055 101900 295.76 -0.356995165348053 56.5213951371959 14 560.224917348399 1665000 0.0028999999999999 745.805908203125 57.8575477600098 A
247.475310205115 5.1828236579895 100889.9140625 284.644073486328 0.276285797357559 16.7024555146372 8 146.381290728154 655762.714013162 8.13151629364128e-20 106.326766967773 92.1674270629883 A
382.040010129147 5.3682 101170 283.31 -0.832094967365265 25.1375743461251 8 145.822055873267 369000 0.056152 2.97800731658936 72.8342514038086 C
1614.00303874399 1.50452208518982 101320.7890625 303.060943603516 -0.862192153930664 27.4954115884077 16 223.86216980478 1238667.45347071 8.13151629364128e-20 134.696853637695 34.1739349365234 B
753.252975436819 2.3079 100550 272.72 -0.427489995956421 22.2081268846791 12 137.115014070347 1333200 8.13151629364128e-20 2 63.3250007629395 A
305.477336034439 1.2418999671936 100900 296.920013427734 -0.854229986667633 2.74462522474645 18 0.0823288289101025 637182.701847743 8.13151629364128e-20 8.13151629364128e-20 16.2609996795654 A
9.28032413269182 5.7128 101670 269.7 -0.0926666408777237 3.26671868682217 8 0.234739883111467 10700 0.00199999999999978 0.666666626930237 83.6777801513672 A
6.28859224127133e-17 0.96116 101890 280.14 -0.285530000925064 -16.1908741161778 6 8.13151629364128e-20 100 0.0655000000000001 16 96.5739974975586 C
420.708027348696 5.6463 101800 270.96 -0.0629609152674675 21.3152908568383 11 125.021163069634 1094100 0.000900000000000567 27.9407405853271 80.3397979736328 B
6.28859224127133e-17 2.6119 101510 287.37 0.725269436836243 -8.32792411641693 20 8.13151629364128e-20 8.13151629364128e-20 8.13151629364128e-20 8.13151629364128e-20 40.8193664550781 A
232.008103317296 1.72986221313477 101727.40625 279.368103027344 -1.10208344459534 23.7157597396612 13 170.902935013661 150439.855855874 0.192839842200223 13.9130439758301 88.088737487793 C
6.28859224127133e-17 0.98257 101540 286.35 -0.139918178319931 -6.6768246156774 20 8.13151629364128e-20 1000 0.102 8.13151629364128e-20 87.4386825561523 B
1951.96150924285 2.5763 102030 294.11 -0.0122130000963807 27.2881322610002 15 214.643845626642 1936000 8.13151629364128e-20 16 47.7400016784668 A
1926.44061787794 0.93635 102480 289.28 0.278072863817215 44.9070960650548 10 429.686352502389 2396700 8.13151629364128e-20 5.05185174942017 73.239143371582 A
136.884780957204 4.446 101800 284.59 -0.142861574888229 16.2991853416527 7 48.054456845831 562000 8.13151629364128e-20 0.466666668653488 60.0373725891113 A
786.507470245632 2.0531 101920 291.4 -0.240320280194283 10.1637298017218 16 8.23395011639487 338000 8.13151629364128e-20 26.4012203216553 42.0797691345215 A
1992.17624715118 5.2929 101170 290.58 0.23304671049118 31.1494216400379 16 193.10405529967 1712000 8.13151629364128e-20 39.7726173400879 28.1818618774414 A
226.594580906559 0.13231 102590 280.42 0.287620007991791 25.6789096050706 12 161.371371888445 236100 0.1201 4 99.1689987182617 C
1404.42238541403 6.8735 101300 287.14 0.411907851696014 24.0367898915216 14 165.756169308247 1628000 8.13151629364128e-20 34.2206878662109 64.4411010742188 A
707.624715117751 6.10790348052979 101584.375 283.048400878906 0.185464084148407 25.7776665983101 14 193.810948403793 1377858.82518122 8.13151629364128e-20 45.9709701538086 58.8025665283203 B
287.690048113446 9.50967979431152 101500.046875 283.905303955078 -0.228787451982498 7.66689715323717 8 43.0857470112034 403097.239488897 8.13151629364128e-20 8.13151629364128e-20 58.5280532836914 B
2368.0293745252 5.22989988327026 101610 296.899993896484 0.289799988269806 61.3157028616333 12 676.682696386384 3652374.21173213 8.13151629364128e-20 130 44.0820007324219 A
1644.93745251962 1.006 102170 287.92 0.233989998698235 34.8097129571256 9 383.239265069169 1763000 0.000900000000000123 8 70.6470031738281 A
2575.28994682198 3.67755031585693 101725.6171875 292.315185546875 0.138038724660873 54.6618042876153 11 623.305133546357 3003293.13124359 0.000443551095033983 60.6411590576172 68.1878051757812 A
552.952646239554 0.431149959564209 101782.8359375 287.368835449219 0.194613113999367 25.7555148859895 7 199.537563091125 926431.458700178 8.13151629364128e-20 28.7209777832031 65.457763671875 A
2692.06735882502 3.65039992332458 101880 300.660003662109 -0.0140389995649457 68.0384934318056 12 711.991032964886 3838923.78508913 8.13151629364128e-20 902 52.4370002746582 A
262.942517092935 2.4451 101420 291.01 -0.695439994335175 10.9615206696558 18 1.81766538250486 611000 8.13151629364128e-20 202 55.1749992370606 B
6.28859224127133e-17 1.65457463264465 101542.6796875 290.0712890625 -0.119077324867249 -3.36940204227742 4 8.13151629364128e-20 8.13151629364128e-20 8.13151629364128e-20 8.13151629364128e-20 62.488597869873 A
679.010382375285 3.9281 101210 283.99 -1.23660004138947 34.8869415319678 9 283.860599012627 551000 0.29834 1 75.9250030517578 C
6.28859224127133e-17 4.01030015945435 101000 274.760009765625 0.248840004205704 -15.4046734120713 6 8.13151629364128e-20 8.13151629364128e-20 0.103847959693959 16 99.0950012207031 B
6.28859224127133e-17 1.60249996185303 101550 284.910003662109 0.506250023841858 -10.6095901891929 21 8.13151629364128e-20 13000 1.038982005713 4 93.1669998168945 C
1526.6133198278 6.30429983139038 101940 287.209991455078 0.0355990007519722 46.2426788823925 15 419.592649468518 2299112.59569925 8.13151629364128e-20 134 51.1209983825684 A
1219.58926310458 6.9159 101410 292.12 -0.0575799532234669 36.9427687598301 8 364.613441137704 1361000 8.13151629364128e-20 27.6428775787354 48.1173934936524 B
1535.12028361611 2.84246373176575 100864.9375 289.078063964844 -0.36260199546814 19.2290313767137 14 93.6991846181336 1191432.02470649 0.00033333332363128 8.13151629364128e-20 72.2407913208008 A
2187.06305393771 2.6793 102540 293.59 0.109520003199577 33.9209633487486 12 361.940267768181 2276000 8.13151629364128e-20 16 66.1470031738281 A
6.28859224127133e-17 3.6132 102960 277.75 -0.254579991102219 -15.8619410416909 18 8.13151629364128e-20 8.13151629364128e-20 0.166 9 99.4410018920898 B
20.8807292985566 5.1657 101010 272.61 0.026766000315547 11.0623883543582 9 25.285046471264 3450 0.0910000000000011 22 93.1920013427735 C
682.103823752849 6.73277997970581 101931.890625 287.647796630859 -0.409723222255707 57.3743118179457 10 621.303580350147 247518.619833113 0.509728283238641 21.4372482299805 95.198127746582 C
2132.15446948595 2.8973 101810 296.62 0.170479997992516 59.7687826042004 12 665.861508343519 2859000 0.00878999999999997 64 59.9440002441406 B
1371.16789060522 6.0727 102410 288.49 -0.121081560850143 63.2752367219199 13 638.845150208537 2685000 0.000999999999999446 230.594329833984 50.3036956787109 A
2336.32160040517 1.0831 101580 301.19 -0.173419997096062 46.0218104221657 15 469.431683269919 2781000 8.13151629364128e-20 268 39.2869987487793 A
2284.50645733097 1.233 101260 297.47 0.132939994335175 60.7103632062709 12 672.547864152521 3343000 8.13151629364128e-20 44 41.2039985656738 A
846.829577108129 2.3843 100840 291.25 -0.338259994983673 43.3139545832016 15 372.539216399677 2275000 0.24704 668 47.7589988708496 A
1273.72448721195 2.90719246864319 100723.34375 293.223114013672 -0.0780352652072906 51.1502192398636 14 486.056786219442 1261189.73118178 0.00721828322111051 52.7286376953125 43.2868919372559 C
1179.37452519625 3.0809 99587 282.82 -0.439843446016312 34.5684340544022 11 264.754262655573 1711000 0.40625 538.7919921875 81.2432861328125 B
280.729805013928 3.5034 101230 288.34 -0.69237744808197 35.2016192205772 8 345.712095207656 47000 1.052 36.7593307495117 94.4648361206055 C
1109.77209420106 3.36981105804443 101977.2578125 299.060607910156 -0.462397903203964 35.7067657532833 8 352.009319423219 1696094.66195721 0.00285485067722171 421.760864257812 50.4351387023926 A
832.1357305647 5.3182430267334 101707.3828125 292.902709960938 0.014707013964653 20.7596655905172 17 127.187747683211 1137579.75189845 0.00594068036484013 82.5759735107422 74.0907440185547 A
698.344390985059 7.88430023193359 100280 283.200012207031 1.00039994716644 12.8404270515679 18 6.4224495439022 750648.422322101 0.0164860660806973 8.13151629364128e-20 70.8190002441406 A
1391.27525955938 1.5102 101950 287.59 -0.0329609997570515 17.8543629599244 15 72.969267635739 1355000 8.13151629364128e-20 8 35.1780014038086 A
10.8270448214738 0.93682 102310 278.6 -0.472967147827148 2.94340918995695 16 2.22580374801918e-05 2100 0.1679 1.1040563583374 92.4367599487305 C
295.423651557356 4.8908 102710 283.73 0.0625249668955803 28.3493866074884 10 312.858607053095 653000 8.13151629364128e-20 9.83855628967285 90.236442565918 C
6.28859224127133e-17 1.1029 101370 295.68 -0.393464922904968 -18.2613930671154 20 8.13151629364128e-20 8.13151629364128e-20 8.13151629364128e-20 163.640853881836 52.0541381835937 A
472.523170422892 5.0567 102620 273.43 1.02982497215271 6.94037281280151 16 0.662848872518544 109000 8.13151629364128e-20 7.80463981628418 52.9453163146973 A
252.888832615852 3.667 101820 280.22 -0.231318920850754 17.0035857406541 10 104.228007952894 245800 0.06835944 29.9800109863281 88.4748992919922 C
624.101797923525 1.8934999704361 102530 283.959991455078 0.700999975204468 26.9523243490541 12 244.216529445129 339851.718582789 0.0799993135349461 2 100 B
1543.62724740441 3.004390001297 101369.375 296.58740234375 0.485060751438141 25.8752640266792 17 131.294274339912 1516006.76806447 8.13151629364128e-20 12.1515254974365 32.1194343566894 A
105.950367181565 0.516160011291504 102040 287.390014648438 0.0256239995360374 14.7581994704578 6 66.078195057209 209000 8.13151629364128e-20 8.13151629364128e-20 55.7700004577637 A
1011.55533046341 5.49079990386963 100890 280.190002441406 0.00469970004633069 26.0090488117221 12 227.192845121513 1563152.07677657 0.106235621233191 80 85.4580001831055 B
2421.39123828817 7.96662044525146 100885.9296875 294.188507080078 0.303658992052078 57.7347191900043 10 626.955284641011 2672532.91659293 8.13151629364128e-20 182.564834594727 61.3714027404785 A
2529.66168650291 1.6558 101930 291.75 0.00580848567187786 65.6397750644278 11 694.524606195932 3283000 8.13151629364128e-20 56.4102058410645 50.8707084655762 B
1323.99290959737 5.46697378158569 101685.03125 279.783325195312 0.0884714052081108 25.8279545879848 10 272.944783111238 1122273.46211731 0.000633888895356401 37.3253860473633 76.708251953125 A
728.505444416308 2.9709 102220 272.96 0.0589551143348217 7.56010200329618 16 1.18535305425407 141000 8.13151629364128e-20 4 61.9802932739258 A
2197.11673841479 1.28555035591125 101259.5078125 284.527984619141 -0.00324109196662903 48.9344284953449 10 494.926750333848 2331992.69765026 8.13151629364128e-20 266.813293457031 53.2122955322266 A
2073.37908331223 0.814109981060028 101340 302.920013427734 -0.304529994726181 47.0082183763832 15 472.804738793954 2946208.85273686 8.13151629364128e-20 334 38.9000015258789 A
2132.92782983034 1.32688438892365 101179.8359375 301.605194091797 -0.131669387221336 62.6483165943391 11 680.492243820291 3102548.12077712 8.13151629364128e-20 529.741638183594 57.5319747924805 B
6.28859224127133e-17 1.7668 101350 286.66 -0.0816839411854744 -7.56010200329603 4 8.13151629364128e-20 8.13151629364128e-20 0.31938 2.31372547149658 97.3353424072265 C
1483.30514054191 3.0271 101390 289.34 0.180669993162155 63.7979377076104 12 692.209079327436 1710000 0.0389999999999997 160 80.1549987792969 A
2340.96176247151 1.2987 102400 291.5 0.287107557058334 50.962964948435 11 504.938150351512 2730500 8.13151629364128e-20 14.9925918579102 62.5854377746582 A
2852.92631045834 5.9484 101630 291.62 0.214147478342056 56.7435958065943 13 562.826577098295 3132000 8.13151629364128e-20 71.0598220825195 34.3856735229492 A
647.302608255254 0.498573899269104 102115.4296875 288.322479248047 0.0368234068155289 17.605554547218 8 156.588016239152 932742.746122315 8.13151629364128e-20 0.501806735992432 61.4213600158691 A
1826.67713345151 1.1528 101890 297.31 0.235119998455048 25.6544450071804 15 188.079915033461 1799000 8.13151629364128e-20 102 47.2319984436035 A
1520.42643707268 7.2902 100960 303.96 -0.849143266677856 35.2905160217772 16 318.278553735724 1215000 8.13151629364128e-20 367.609741210937 27.3313751220703 B
1268.31096480122 1.0795 101600 297.08 0.365857273340225 26.1273774542775 16 202.687290234559 1587000 8.13151629364128e-20 758.800842285156 76.8877792358398 A
264.489237781717 1.78702223300934 101790 297.672210693359 -0.00416130572557449 5.43616853615873 19 0.504027771074624 30957.5876769701 8.13151629364128e-20 757.526000976562 63.1324501037597 A
2218.77082805774 5.41889142990112 101609.421875 292.727722167969 0.125091478228569 53.9897357707651 11 617.689242351889 2987920.55818135 8.13151629364128e-20 229.078750610352 58.5909919738769 A
1198.70853380603 5.1653 101580 290.35 0.187405049800873 60.4792638870823 11 666.635031922149 2651000 0.0468999999999999 209.287719726563 80.0383453369141 A
369.666244618891 3.73786306381226 101804.59375 292.285400390625 -0.0955918282270432 65.5357228716965 11 692.230486051932 2522343.48997266 1.26642609809063 440.962585449219 89.1943130493164 C
1919.48037477842 1.42098951339722 101943.5 298.075042724609 0.234999760985374 39.2528671109569 13 424.054830435673 2364384.69592662 8.13151629364128e-20 34.9986610412598 32.5258598327637 A
282.276525702709 1.76672196388245 101642.7421875 290.761779785156 0.23126158118248 17.0604623045352 7 115.451985599294 669693.133808175 8.13151629364128e-20 3.94483661651611 74.2254486083984 B
923.392251202836 8.1791 101490 286.53 0.838278412818909 31.5157203954771 8 262.428441193966 1503000 8.13151629364128e-20 15.7668151855469 49.3421669006348 A
2340.96176247151 3.0083 101290 290.15 -0.0707930028438568 40.3441483793711 15 330.77786162469 2532000 8.13151629364128e-20 134 26.7049999237061 A
1540.53380602684 5.9972 102500 285.2 0.351917624473572 33.3490207226872 11 374.044708931935 1819000 0.00195000000000001 78.0335083007813 69.6527481079102 B
336.411749810079 3.2094 102390 284.77 0.0265608318150043 3.65074974467364 16 0.000427139147687441 66000 8.13151629364128e-20 8.13151629364128e-20 51.1567268371582 A
1893.95948341352 1.3804 103560 280.01 0.36965999007225 32.0450403176434 12 235.818930422552 1715900 8.13151629364128e-20 4 89.3259963989258 A
12.3737655102558 3.8821 102050 279.7 -0.69508683681488 7.67823340888416 17 0.560289263792672 379000 8.13151629364128e-20 17.1810493469238 65.9746246337891 B
2426.80476069891 3.52 102090 294.07 0.101524844765663 56.7857611423966 10 620.258691156868 3028000 8.13151629364128e-20 70.056884765625 40.0597114562988 A
1987.53608508483 6.08780002593994 102410 294.339996337891 -0.352510005235672 29.5904399420249 15 253.152116643393 2119945.63744908 8.13151629364128e-20 28 32.6049995422363 B
577.700177260066 7.5235 101570 285.18 0.787000000476837 12.0300738325194 15 17.0639099384533 806000 8.13151629364128e-20 2 74.7210006713867 A
1976.70904026336 1.0475 102800 285.37 0.161348521709442 30.7993084350528 13 219.535038403526 1826000 8.13151629364128e-20 8.13151629364128e-20 56.7707481384277 A
23.9741706761205 1.0653 101740 273.77 -0.154982313513756 2.76577343998798 8 0.864578194795253 38400 8.13151629364128e-20 8.13151629364128e-20 75.9799346923828 A
389.773613573056 4.6105 101660 287.46 0.0403849594295025 7.17703645387 16 0.823794585387662 91000.0000000001 8.13151629364128e-20 4.83950614929199 73.7843017578125 A
2559.04937958977 3.0587 101670 298.36 -0.0210930556058884 53.8195840802832 13 527.446200796275 2998000 8.13151629364128e-20 52.0740737915039 29.7127876281738 A
1306.97898202076 1.0231 103040 282.57 -0.0606427006423473 21.6890399748001 11 165.863871328313 1408500 8.13151629364128e-20 2.96296310424805 61.6441421508789 A
2270.58597113193 2.52620005607605 101420 298.089996337891 0.188339993357658 33.7947870289267 15 320.36794583392 2523326.58996524 8.13151629364128e-20 108 22.4309997558594 A
1740.06077487972 0.25093999505043 101120 290.359985351562 0.0642810016870499 22.4743643645331 15 138.469720224402 1781634.81480069 8.13151629364128e-20 6 60.8429985046387 B
1170.09420106356 0.3267 102530 280.4 -0.0304821282625198 21.2773221283789 11 155.6656709741 1214600 8.13151629364128e-20 8.13151629364128e-20 68.6090545654297 A
1273.72448721195 2.0759 101800 297.28 -0.197789400815964 55.6829054364271 10 611.469507525745 2402000 8.13151629364128e-20 74.4390716552734 50.3906478881836 A
692.157508229932 1.18961608409882 100787.1953125 291.367218017578 0.0212572291493416 11.7292833402671 16 17.0176440088073 342389.325931428 0.000313767247511111 52.2139358520508 59.8422050476074 B
323.264623955432 4.9015998840332 101400 286.950012207031 0.676789999008179 9.44320816447639 18 0.469078186411457 782338.140001644 8.13151629364128e-20 8.13151629364128e-20 41.5050010681152 A
1335.59331476323 3.34349989891052 100780 274.709991455078 -0.767687976360321 16.9936875686914 14 62.9719568819068 818849.551009935 0.120330031231881 120.841842651367 77.6506500244141 B
2261.30564699924 3.73757076263428 101720.5859375 289.819213867188 -0.0118154883384705 65.3766731806865 11 695.003347008278 3163407.18713869 0.000725925912990886 122.993011474609 54.7730216979981 B
2505.68751582679 4.9874 101950 296.15 -0.399190008640289 47.0948610094479 15 473.31483335962 2891000 8.13151629364128e-20 89 44.8440017700195 A
2322.40111420613 1.5899 101300 299.39 0.191284209489822 44.3107850029904 13 494.679304082997 2703000 8.13151629364128e-20 243.746551513672 59.2776260375977 A
1123.6925804001 10.056 99480 285.04 0.497540295124054 21.0737522136464 13 111.384804220113 917200 8.13151629364128e-20 33.9526405334473 79.1000595092773 C
6.28859224127133e-17 1.9726 103510 274.83 0.225495278835297 -5.69527158469704 7 8.13151629364128e-20 8.13151629364128e-20 0.00389999999999999 1 97.0496673583984 B
543.672322106862 2.45005083084106 101558 286.686584472656 -0.0356497019529343 26.5527300562574 7 215.287675929651 580682.690218002 0.122481225495655 39.6446266174316 95.4218139648438 B
6.28859224127133e-17 0.518999993801117 101700 278.359985351562 -0.25161001086235 -10.0031056751005 18 8.13151629364128e-20 2967.57232030168 0.180494944219025 2 94.6119995117188 C
432.308432514561 2.26096487045288 101667.1015625 292.558044433594 -0.46331861615181 44.4655299254834 10 513.01018347769 584041.737056856 0.301499872027037 154.113403320312 94.3250503540039 C
658.903013421119 4.07800006866455 102390 291.529998779297 -0.579819977283478 11.3659284956253 18 2.51798258458807 442112.259254676 0.00127114233610944 8.13151629364128e-20 35.2729988098144 A
1817.39680931881 1.854 101700 294.1 0.158659994602203 46.6423701755678 9 502.035951313359 2252000 8.13151629364128e-20 22 68.7649993896485 A
665.089896176247 1.35865890979767 101432.9765625 288.102294921875 0.654746294021606 57.722438539235 14 591.001232266319 2170503.52479945 0.729262358042008 110.886779785156 77.4567947387695 C
419.161306659914 3.3553 102890 281.88 0.13450999557972 24.92648892249 15 134.226926335991 413000 8.13151629364128e-20 10 88.3119964599609 A
104.403646492783 0.99095 101780 287.05 0.124018646776676 22.2557131145496 7 165.869708920079 305800 0.00699999999999967 54.4912185668945 97.6977996826172 B
6.28859224127133e-17 0.93455 101860 287.14 -0.061132475733757 3.92982813184118 5 0.359611206591376 9000 8.13151629364128e-20 197.024261474609 68.2329940795898 B
102.856925804001 1.627 102110 289.39 0.156798735260963 6.06692107527241 19 0.0393847757644746 26000 0.000999999999999446 34.7179489135742 72.6450576782227 A
6.28859224127133e-17 2.75563049316406 101184.1640625 299.296936035156 -0.756675243377686 -16.154453322115 20 8.13151629364128e-20 2117.26286888907 8.13151629364128e-20 19.4495124816894 43.6252593994141 B
6.28859224127133e-17 3.9145 102370 283.31 0.677377045154572 -17.8443183971267 19 8.13151629364128e-20 8.13151629364128e-20 8.13151629364128e-20 8.13151629364128e-20 63.3037223815918 A
2635.61205368448 1.2498 100700 293.46 0.072892002761364 68.8352195453114 12 707.785375328325 3390000 8.13151629364128e-20 452 66.8199996948242 A
178.646239554318 3.1767 101340 288.06 -0.671509802341461 55.222744742274 10 607.780867378871 73000.0000000001 3.231 39.574764251709 94.9496612548828 C
145.391744745505 3.5813 101110 286.74 -0.0439537838101387 33.9060601839084 16 233.061822378316 348000 0.885000000000002 293.216339111328 89.7651901245117 C
2245.06507976703 5.25263118743896 102212.421875 297.356140136719 -0.0964852273464203 63.9761842804412 11 688.237194626049 3137154.46698508 8.13151629364128e-20 76.7938308715821 59.6005668640137 A
1637.20384907572 1.9183 101880 293.62 0.301287949085236 24.9942624527364 16 185.395552939009 1368000 8.13151629364128e-20 17.8716354370117 50.4701309204102 B
6.28859224127133e-17 0.997721433639526 101873.78125 282.539154052734 0.536535143852234 -16.0340954156373 19 8.13151629364128e-20 8.13151629364128e-20 8.13151629364128e-20 8.13151629364128e-20 61.9735488891602 B
1367.30108888326 1.6389 102040 274.24 0.240628510713577 21.5135020413996 11 125.339834892655 1151100 8.13151629364128e-20 8.13151629364128e-20 51.1475334167481 A
6.28859224127133e-17 0.590536713600159 101947.4765625 281.087127685547 0.694642424583435 -7.39296658611733 5 8.13151629364128e-20 8.13151629364128e-20 8.13151629364128e-20 8.13151629364128e-20 68.7374725341797 A
1395.14206128134 3.59299993515015 101380 289.559997558594 0.19404000043869 47.7760655211139 15 468.90043177127 1543692.95092847 0.22462556481311 134 85.6790008544922 B
6.28859224127133e-17 4.6164 101630 282.35 0.100100003182888 -14.6423165108137 18 8.13151629364128e-20 8.13151629364128e-20 8.13151629364128e-20 8.13151629364128e-20 76.677001953125 B
398.280577361357 8.2209 102710 285.43 0.937106490135193 19.2581452938618 10 156.362094076242 1304800 8.13151629364128e-20 3.55555534362793 62.54052734375 A
2200.21017979235 2.62430000305176 101370 290.859985351562 0.237409994006157 68.0933843638292 12 698.152442054292 2988704.42370582 0.0144749672760666 146 66.9290008544922 A
6.28859224127133e-17 6.1262001991272 101630 285.739990234375 0.160879999399185 -7.03089167544529 6 8.13151629364128e-20 8.13151629364128e-20 8.13151629364128e-20 8.13151629364128e-20 82.9410018920898 A
1831.31729551785 2.82384252548218 101375.2109375 297.333129882812 0.285458326339722 24.125429635368 16 172.87184630697 1424314.85027061 8.13151629364128e-20 76.3130950927735 22.6325225830078 A
1484.0785008863 4.9232 101400 304.34 -0.279752552509308 26.0355946365913 17 169.837641004408 1563000 8.13151629364128e-20 1189.65844726562 50.5789337158203 A
508.871106609268 4.3829 100830 283.71 -0.207350000739098 21.4799604764648 15 94.9255906299793 1402000 8.13151629364128e-20 20 68.1149978637695 B
13.1471258546468 2.8089 101220 288.47 -0.642330527305603 24.5239683572303 7 190.535394724547 33000 1.919 29.6597595214844 94.3144760131836 C
818.215244365662 0.50752 103490 281.48 -0.152520000934601 11.2450623744757 15 11.8415602498591 724000 8.13151629364128e-20 8.13151629364128e-20 66.4390029907227 A
1242.79007343631 2.84290075302124 101136.8125 289.747344970703 -0.027972400188446 26.0295429904427 17 134.894422861474 603841.768446484 0.565620081327057 382.433441162109 84.2525482177735 B
934.992656368701 1.59630000591278 101790 295.510009765625 0.00491809984669089 26.9600860476498 15 210.104067043838 1746717.09484464 8.13151629364128e-20 116 56.1539993286133 B
44.0815396302862 3.309 100810 292.59 -1.12769997119904 4.53309489604364 6 8.73871109713705 21000 8.13151629364128e-20 113 78.9130020141602 C
2581.47682957711 0.9582 101510 293.12 0.052210733294487 63.5221451078801 11 685.550206661739 3240000 8.13151629364128e-20 34.6591835021973 53.7135543823242 A
1038.62294251709 5.44399213790894 101770.328125 287.34716796875 -1.01162147521973 38.8962300688257 10 453.278956024059 560048.613227844 1.5788639017313 227.495391845703 93.8809204101562 B
6.28859224127133e-17 0.34759 101980 286.57 0.0316180512309074 -2.78852185968805 4 8.13151629364128e-20 8.13151629364128e-20 8.13151629364128e-20 8.13151629364128e-20 79.4944610595703 A
2288.37325905293 2.67920637130737 102161.515625 293.713409423828 0.0102266520261765 43.1726559559243 11 507.895140130474 2583159.96990755 8.13151629364128e-20 214.70622253418 68.6389923095703 A
601.674347936186 5.65310001373291 101400 282.600006103516 -0.0596590004861355 32.2108438149734 12 334.316259174953 1547214.72432953 8.13151629364128e-20 34 76.0759963989258 A
723.865282349962 4.80049991607666 100750 301.380004882812 -1.94939994812012 45.4646128163179 15 465.611540797543 2880205.13933001 0.355020881789669 1472 57.2569999694824 B
18.5606482653836 4.2401 99274 281.87 -0.426620006561279 10.9906307578915 9 25.5814863596321 79600 0.05469 202 83.8499984741211 C
2028.52418333755 0.046087 101110 298.71 0.641279995441437 42.0828572392238 15 433.752329998693 2784000 8.13151629364128e-20 8 35.4609985351562 A
6.28859224127133e-17 2.83970856666565 100440.96875 273.048095703125 -1.38585245609283 21.3703774360682 11 158.228811647384 82413.6993788364 0.469429037189035 48.2826957702637 82.944107055664 B
2199.43681944796 2.18811655044556 102278.8203125 292.572387695312 0.1725894510746 51.8530490792581 10 540.992494924014 2324853.25367406 8.13151629364128e-20 219.824966430664 65.6056594848633 B
2473.20638136237 1.5577 102250 293.76 0.258129924535751 50.9933309854485 13 492.000969910772 2844000 8.13151629364128e-20 23.6606063842773 48.5438194274902 A
719.998480628007 0.39709 101950 281 0.255414694547653 20.6839149308153 11 133.8198293868 533600 0.0331999999999999 2.95615172386169 95.2502746582031 C
564.553051405419 0.5257 102620 288.27 0.0871099829673767 14.0534633918677 8 116.555691514275 874999.999999999 8.13151629364128e-20 8.13151629364128e-20 38.8619766235351 A
160.858951633325 0.748529970645905 100450 274.220001220703 -0.215169996023178 11.1004488829827 15 11.5855026062133 150700 0.0106999999999999 34 98.8209991455078 B
6.28859224127133e-17 0.7424 102880 277.56 0.0983330011367798 -13.0078265893038 6 8.13151629364128e-20 8.13151629364128e-20 0.023438 8.13151629364128e-20 98.6809997558594 B
6.28859224127133e-17 0.98841 102060 280.91 -0.599113643169403 -6.28008139661152 17 8.13151629364128e-20 8.13151629364128e-20 0.3222 13.5341882705688 97.7206649780273 C
3.86680172195493 4.3817 102300 283.58 0.738409996032715 -7.15739902480901 18 8.13151629364128e-20 7999.99999999999 8.13151629364128e-20 8.13151629364128e-20 61.5289993286133 A
1337.14003545201 1.0661301612854 101732.421875 274.435546875 0.3155377805233 20.6881721267443 11 130.611506793728 1057387.96573172 8.13151629364128e-20 1.48148155212402 57.7618293762207 A
370.439604963282 4.3221 102980 281.78 -0.0223884135484695 17.1006103068603 14 59.797878576352 275460 0.0156000000000009 11.6988620758057 93.6006164550781 A
1377.35477336034 4.8496 102510 290.83 0.0622829906642437 55.6429333064008 11 631.393507151699 2941000 8.13151629364128e-20 112.669845581055 58.9928550720215 A
1265.99088376804 3.6347 101800 296.39 0.00552143901586533 26.620128516404 17 162.03552276418 1582000 0.00489 48.7872314453125 53.752197265625 A
1313.16586477589 1.4441 102830 279.4 0.265859991312027 32.6817636234945 9 245.110360566935 1376000 8.13151629364128e-20 5 68.7470016479492 A
6.28859224127133e-17 4.0467 101380 284.71 0.169045805931091 -11.2842710515444 20 8.13151629364128e-20 8.13151629364128e-20 0.000976999999999992 8.13151629364128e-20 38.950065612793 B
126.831096480122 3.90849995613098 101080 282.489990234375 -0.0187819991260767 14.3338221648278 18 13.9526309992626 165959.823708481 0.0285335374428663 88 75.708999633789 B
2167.72904532793 4.40880012512207 102600 282.630004882812 1.08949995040894 29.097702230639 12 281.87812457395 2365557.1567796 8.13151629364128e-20 11 48.7799987792969 A
6.28859224127133e-17 1.87701177597046 101168.890625 279.709350585938 -0.1442911028862 -5.02525169239543 4 8.13151629364128e-20 8.13151629364128e-20 8.13151629364128e-20 16.0951023101807 100 B
1565.28133704735 7.8398 101340 288.47 0.80375999212265 41.5059917985428 9 404.761903064836 2034000 8.13151629364128e-20 22 34.1230010986328 A
11.6004051658648 2.4147686958313 101693.140625 297.119171142578 -0.346728205680847 -5.93193869299677 20 8.13151629364128e-20 15950.1108555636 0.0130406086265059 698.083435058594 53.9691963195801 A
2064.09875917954 2.5258 100890 291.66 -0.239021360874176 52.5957192896533 14 504.551767619749 2600000 0.25293 667.980285644531 45.4043922424316 A
15.4672068878197 3.3138 101350 293.33 0.211036324501038 -4.39009258554902 20 8.13151629364128e-20 3000 0.00390600000000001 8.13151629364128e-20 65.0880279541015 B
1385.08837680425 1.31397438049316 101732.6875 304.340698242188 0.495655864477158 25.0959517501384 17 167.120355671943 1610785.1736313 8.13151629364128e-20 646.097961425781 26.4112892150879 A
852.243099518866 8.84859371185303 100534.921875 287.924194335938 0.392684608697891 62.1407212272666 11 652.347046383777 2434218.16872389 0.0337551568214015 79.7786102294922 71.7324295043945 C
760.986578880729 3.035 102240 289.63 0.429266750812531 14.8181674618747 17 56.9325223796596 801000 8.13151629364128e-20 49.107421875 63.6755676269531 A
1006.91516839706 2.88124060630798 100831.09375 289.642547607422 -0.494573295116425 11.4613888354059 16 15.2802478185703 394929.306649712 8.13151629364128e-20 12 45.3840484619141 A
1723.04684730311 2.0123 102090 283.03 0.00674710422754288 37.5777101755846 10 309.6466985362 1989000 8.13151629364128e-20 6.68148136138916 72.1453247070313 A
2037.03114712585 5.63891839981079 102214.4375 291.275482177734 -0.408353477716446 33.5879823488278 16 303.055979527953 1126295.11193134 0.0390722107524849 207.158935546875 76.6599426269531 B
1354.15396302861 4.827 101230 299.23 0.0789927020668983 21.1452854482143 16 126.720186941682 1197000 8.13151629364128e-20 184.885894775391 55.6484260559082 A
30.9344137756394 5.6055 101720 282.25 0.12690107524395 -0.505125620215254 7 2.12038009123034 110000 8.13151629364128e-20 0.818098783493042 78.9860000610352 A
563.006330716637 1.19364833831787 102083.734375 292.822509765625 0.0314052626490593 25.9925995518729 7 208.42346486188 494201.014676925 0.23894335885979 733.332641601563 94.7770462036133 C
1219.58926310458 7.7526 100980 284.89 0.674000024795532 46.1054424233263 12 430.154687586362 1949800 0.00200000000000244 30 78.3949966430664 B
2450.77893137503 5.04339981079102 101830 297.619995117188 -0.227099999785423 62.1883477925082 12 682.402396934099 3629872.92632196 8.13151629364128e-20 114 61.201000213623 A
744.746011648519 5.3807 102500 283.88 0.0161393210291862 21.0380462170571 11 148.973646323813 1120800 0.000976000000000002 1.48148155212402 81.0668182373047 A
726.185363383135 1.1441 101260 297.15 -0.791239976882935 35.6519462368282 15 347.901617944344 1147000 2.893 1068 76.0240020751953 B
1698.2993162826 1.372 101280 297.73 0.118783935904503 30.962639463394 16 271.961521793507 1509000 0.0566 642.894409179688 59.7251434326172 A
27.8409723980755 1.4172 101980 271.98 0.0790464580059052 8.70553315433622 7 1.10231824709627 92000 8.13151629364128e-20 8.13151629364128e-20 69.7938003540039 A
251.34211192707 2.5533 102530 273.45 0.150804907083511 17.3540218783704 8 41.9430893755834 412000 8.13151629364128e-20 8.13151629364128e-20 82.2105026245117 A
662.769815143074 4.2047 101910 292.76 0.0504228696227074 59.174409734596 13 649.259261327251 2428000 0.1133 465.352844238281 78.8268356323242 A
8.50696378830083 3.4076 101740 290.52 -0.187541395425797 -3.32979358218647 20 8.13151629364128e-20 1000 0.000975999999999998 8.13151629364128e-20 37.0964431762695 A
0.773360344390985 4.0443 102010 285.73 -0.356147557497025 -4.92496999646076 20 8.13151629364128e-20 8.13151629364128e-20 8.13151629364128e-20 49.6568222045898 93.7510147094727 C
1679.73866801722 6.0609 102290 293.23 -0.878418624401093 29.2613759132208 16 168.749783232164 1480000 8.13151629364128e-20 289.981201171875 56.7592086791992 A
402.147379083312 6.9168 101100 284.64 -0.808397233486176 23.0793019466012 13 128.118111096335 484300 8.13151629364128e-20 8.13151629364128e-20 79.7859115600586 C
371.212965307673 3.7573 101970 292.66 -0.470198214054108 5.43616853615885 19 0.520979539842238 48000 0.000999999999999446 8.13151629364128e-20 42.2736167907715 A
813.575082299316 2.8379 101890 282.45 -0.258728682994843 8.53786469732794 17 1.14007042230285 398000 8.13151629364128e-20 12.1116580963135 48.2560653686523 B
693.704228918714 3.91610813140869 100802.1875 288.184020996094 0.0340849608182907 37.1874059013918 16 319.306911501579 590211.202250901 0.96604923637105 347.89599609375 89.8977737426758 C
132.244618890858 0.923030018806458 101030 268.279998779297 -0.20745000243187 10.8505486873807 9 43.3780511703652 318790 0.000500000000000167 8.13151629364128e-20 76.5810012817383 A
878.537351228159 8.2542 101870 285.29 0.780550003051758 12.7408032932766 15 21.8122269337134 616000 8.13151629364128e-20 3 67.984001159668 C
102.08356545961 2.2503 102010 289.42 0.229010686278343 6.01290248989559 19 0.46613283804621 60000 8.13151629364128e-20 8.13151629364128e-20 92.7951354980469 C
1140.7065079767 3.7492 101260 296.18 0.0798494815826416 25.3180178593356 17 168.523211702743 1332000 8.13151629364128e-20 69.8146667480469 58.8506965637207 A
1119.05241833376 4.6975998878479 101970 294.230010986328 0.162479996681213 38.2779485610229 15 386.203952157383 2725891.15327044 8.13151629364128e-20 138 54.5309982299805 B
190.246644720182 1.28559994697571 102110 273.299987792969 0.387862682342529 2.90211944999026 16 1.33666045107384e-05 63000 8.13151629364128e-20 1.40740740299225 67.2978286743164 A
0.773360344390985 1.9061 101750 290.23 0.0365515351295471 -4.24165918231405 20 8.13151629364128e-20 1000 0.00100000000000011 129.602920532227 51.3614616394043 A
1361.11420612813 0.59168 101770 289.7 0.0731529965996742 26.3873812020196 9 284.810079213247 1272000 8.13151629364128e-20 2 64.9589996337891 A
1179.37452519625 5.9896 101710 287.31 0.974640011787415 13.5833489599142 15 28.252038755596 932000 8.13151629364128e-20 8.13151629364128e-20 66.3310012817383 A
17.7872879209927 6.92766666412354 101457.71875 295.722778320312 -0.477179706096649 -6.42485952319627 19 8.13151629364128e-20 6836.83672246032 0.000520800005432715 1.25441360473633 52.1183586120605 B
0.773360344390985 2.59805917739868 101934.3671875 288.043151855469 0.0970789641141891 -0.0552742430825545 5 0.0224626912773742 8.13151629364128e-20 0.0662948918932172 51.5466461181641 100 B
6.28859224127133e-17 1.2808 101470 281.49 0.468596756458282 1.02710386716584 5 2.91608967774779e-05 1000 8.13151629364128e-20 8.13151629364128e-20 89.2480545043945 A
6.28859224127133e-17 1.4572 101460 279.73 -0.0817719995975494 -5.86852041999898 18 8.13151629364128e-20 1000 0.41894 8.13151629364128e-20 68.3550033569336 C
2389.68346416814 3.21 102020 295.12 0.324377834796906 37.7578539187229 14 386.574154160607 2449000 8.13151629364128e-20 35.9694976806641 56.5123519897461 A
3.86680172195493 1.59298312664032 101056.6640625 292.544311523438 0.0253512263298035 -2.81853502150798 20 8.13151629364128e-20 32429.8469926568 8.13151629364128e-20 8.13151629364128e-20 60.0022392272949 B
2843.64598632565 4.7548 102430 298.91 -0.103309094905853 64.5564295976729 13 654.781878326591 3393000 8.13151629364128e-20 73.3333358764648 30.5362529754639 A
34.8012154975943 0.667279362678528 101967.421875 289.028015136719 0.118958748877048 5.65636808645849 5 4.04242502173293 8.13151629364128e-20 8.13151629364128e-20 8.13151629364128e-20 82.9872817993164 B
238.194986072423 0.68970263004303 102711.0078125 275.474365234375 0.154518023133278 8.10378265656588 8 47.8024205363449 412550.040361014 8.13151629364128e-20 8.13151629364128e-20 33.8049812316895 B
205.713851608002 1.54970002174377 102890 279.339996337891 0.311450004577637 14.7581994704576 6 57.8236494297649 147000 8.13151629364128e-20 8.13151629364128e-20 91.8379974365234 B
1871.53203342618 1.8756 101760 304.82 0.151270002126694 37.4271081004713 15 373.776234951249 2498000 8.13151629364128e-20 760 41.0769996643066 A
1468.61129399848 3.2816 100590 290.54 -0.645925104618073 65.5710463412948 13 671.397402112912 691000 2.3951 882.631958007812 78.8327560424805 C
6.28859224127133e-17 2.2954 101950 279.96 -0.0542530007660389 -12.3152102544655 6 8.13151629364128e-20 100 8.13151629364128e-20 8.13151629364128e-20 90.2409973144531 A
6.28859224127133e-17 3.19799995422363 100690 271.929992675781 -0.195830002427101 -15.9638679243065 18 8.13151629364128e-20 8.13151629364128e-20 0.0399999999999991 25 92.8489990234375 B
286.143327424664 4.4293999671936 99312 280.589996337891 -0.687250018119812 13.4488192674564 9 92.3392794966037 260332.654901899 0.574218316871359 106 95.1669998168945 A
165.499113699671 0.32053 101540 285.45 0.137879997491837 14.6423165108138 6 64.8116060707214 163000 8.13151629364128e-20 8.13151629364128e-20 93.5749969482422 A
6.28859224127133e-17 1.8514 102670 281.68 -0.0588789284229279 -8.39426195142225 19 8.13151629364128e-20 8.13151629364128e-20 8.13151629364128e-20 8.13151629364128e-20 47.5452461242676 B
1293.83185616612 0.578048586845398 101769.1953125 290.953216552734 0.192872151732445 36.4406395350986 8 355.901142046805 1838081.91718648 8.13151629364128e-20 69.9729309082031 61.2852592468262 A
1149.98683210939 5.53299808502197 102180.6953125 289.248413085938 0.208607643842697 36.9613563503214 16 294.126282166002 285868.569987517 0.289032549982791 49.3325958251953 93.7112808227539 C
15.4672068878197 1.04621589183807 101360 291.036529541016 -0.093873031437397 -2.76622850280214 20 8.13151629364128e-20 4922.52743759242 8.13151629364128e-20 758.463195800781 86.3212509155273 A
2273.6794125095 3.36449217796326 102214.5 292.811828613281 -0.120814174413681 43.9208126342662 13 489.911777077406 2500865.91231099 0.000273809533164295 103.081466674805 60.7811241149902 A
6.28859224127133e-17 5.6521 101820 280.52 -0.723280012607574 -13.9988585933774 18 8.13151629364128e-20 1000 1.452 81 89.9540023803711 B
6.28859224127133e-17 1.5978 103470 274.29 0.176100000739098 -9.78141347535502 18 8.13151629364128e-20 8.13151629364128e-20 0.06641 8.13151629364128e-20 99.6529998779297 B
6.28859224127133e-17 0.66193 102090 285.76 0.0635215640068054 -3.08970750975546 4 8.13151629364128e-20 100 0.0109999999999992 8.13151629364128e-20 95.1663284301758 B
1723.04684730311 1.3875 101880 283.48 -0.180470645427704 32.8243280417386 13 246.363580674876 1816000 8.13151629364128e-20 16.8206939697266 68.9699554443359 A
2581.47682957711 6.01870012283325 102390 291.690002441406 0.239109992980957 46.477949053542 15 423.971368724975 2755882.2295311 8.13151629364128e-20 93 52.9720001220703 A
20.1073689541656 1.6323 102020 281.43 0.11969892680645 5.72676565999123 5 2.8874218519672 44000 8.13151629364128e-20 8.13151629364128e-20 67.6195297241211 A
1310.84578374272 3.9364 102340 273.43 0.519249975681305 15.5787216475376 15 38.4967321808347 1060000 8.13151629364128e-20 20 51.4480018615723 A
45.6282603190681 1.259 102450 276.48 0.587093710899353 -2.62015252429971 17 8.13151629364128e-20 11000 8.13151629364128e-20 2 53.1856727600098 B
858.429982273993 2.41774439811707 101653.3359375 288.617523193359 0.0815783590078354 53.5359961726011 14 578.110868519938 113929.355937932 2.36575221794074 43.8986053466797 96.374641418457 C
136.884780957204 4.676 99500 280.18 -1.09032595157623 21.1501810360684 13 111.787800846049 35900 2.3555 22.0542221069336 96.0700759887695 C
2561.36946062294 8.15908622741699 100875.3671875 294.956176757812 0.315880626440048 65.6379626270428 11 694.389767266832 3205453.3873283 8.13151629364128e-20 262.314880371094 58.8018798828125 A
1076.51759939225 1.6554 101710 296.82 -0.431145131587982 43.5630797068611 11 512.784853435528 1693000 8.13151629364128e-20 677.662902832031 74.730583190918 C
13.9204861990377 4.3648 102180 289.8 -0.0343462005257607 5.525210619364 19 0.524946182395158 6000 0.1445 0.740740776062012 82.3325042724609 B
55.6819447961509 0.872609972953796 101550 278.790008544922 0.270680010318756 9.78141347535467 6 10.6294665574772 45000 8.13151629364128e-20 8.13151629364128e-20 55.9020004272461 A
823.628766776399 5.0568 102020 285.51 -0.0624260008335114 10.8939449650449 15 10.7762915555577 719999.999999999 8.13151629364128e-20 8.13151629364128e-20 71.9219970703125 B
2634.0653329957 4.03076028823853 101416.71875 289.84228515625 -0.077098935842514 56.7179681541629 11 584.467884066974 3053786.63197416 8.13151629364128e-20 103.866851806641 38.0424461364746 A
330.224867054951 6.9723 101120 284.53 -0.735477149486542 19.0018030217742 14 75.6029942462421 424000 0.00200000000000067 8.13151629364128e-20 79.3290100097656 C
14.6938465434287 3.45490002632141 101500 287.929992675781 0.0279660001397133 -6.9038292667128 18 8.13151629364128e-20 118448.144539287 0.00103846153962397 8.13151629364128e-20 75.1900024414062 A
6.28859224127133e-17 1.0741 102340 266.97 0.0473640114068985 -1.54565153168746 7 8.13151629364128e-20 8.13151629364128e-20 8.13151629364128e-20 8.13151629364128e-20 88.5396270751953 A
6.28859224127133e-17 1.6338 101950 286.19 -0.540180027484894 -9.78141347535424 18 8.13151629364128e-20 8.13151629364128e-20 8.13151629364128e-20 8.13151629364128e-20 47.5400009155273 A
6.28859224127133e-17 1.9334 100810 281 -0.0884972587227821 -10.4099912971124 19 8.13151629364128e-20 8.13151629364128e-20 0.00199999999999889 8.13151629364128e-20 87.4592514038086 B
2057.13851608002 0.92866462469101 101291.6015625 290.553955078125 -0.0546468794345856 30.9881749875356 14 279.327506255241 2054624.64121015 0.000351225973256976 20.6405773162842 49.2703514099121 B
106.723727525956 4.3961 99623 278.95 -0.873077869415283 17.1732114076698 14 59.8531340347573 29700 0.614899999999999 10.9858417510986 96.1282653808594 C
4.64016206634591 3.00936102867126 101460.0234375 291.644683837891 0.246040016412735 -3.68340804433195 20 8.13151629364128e-20 15185.8256605461 0.000609777787091026 8.13151629364128e-20 36.4609794616699 A
1078.83768042542 2.4415 102510 292.22 0.2601597905159 12.2727288360406 16 20.6087517117706 525000 8.13151629364128e-20 8.15238094329834 72.6276550292969 A
6.28859224127133e-17 3.4206 101620 286.32 -0.0585338994860649 -4.32564797679768 4 8.13151629364128e-20 1000 0.000970000000000026 8.13151629364128e-20 47.9869041442871 A
404.467460116485 4.2252 100470 284.13 0.354222178459167 22.64084215498 7 143.969100632067 1069000 8.13151629364128e-20 18.2053871154785 75.5754623413086 A
791.920992656369 2.14 100490 273.57 -0.379851996898651 20.8351647265969 13 110.621653941002 1236000 8.13151629364128e-20 1.48148143291473 62.981761932373 A
154.672068878197 3.2718 101770 279.99 -0.540289998054504 24.8637138168204 12 153.505209799663 67100 0.521500000000001 8 96.2900009155274 C
1685.92555077235 2.753 102290 298.9 -0.068681001663208 25.3302201061495 15 182.850478239839 1786000 8.13151629364128e-20 58 42.3889999389648 A
2404.37731071157 1.2288 101760 287.3 -0.00159902125597 42.9774140529065 13 385.639943011999 2500000 8.13151629364128e-20 40.3138046264649 44.6520538330078 A
6.96024309951886 2.9487 102250 274.2 0.271103113889694 7.55928171740742 7 0.280764134316187 49000 8.13151629364128e-20 8.13151629364128e-20 84.0440521240234 A
1559.09445429223 4.37419986724854 102610 285.410003662109 0.771690011024475 46.3626036174666 15 421.802781106074 776966.343961842 0.00908835056433904 48 70.3420028686523 A
20.8807292985566 2.2906 102280 274.86 0.0107417330145836 -0.17131101439524 17 8.13151629364128e-20 23000 8.13151629364128e-20 6.46604919433594 93.4831771850586 B
528.978475563434 2.1338 101730 288.59 0.29025000333786 9.2140544281853 18 0.345497750395122 586000 8.13151629364128e-20 8.13151629364128e-20 35.2239990234375 A
153.898708533806 0.65698 101260 287.6 -0.0581088364124298 22.4425646711298 7 167.818084987912 289800 0.0229999999999997 2.37654328346252 97.4071350097656 C
6.28859224127133e-17 0.296970009803772 101610 288.839996337891 0.00631710002198815 -11.0623883543582 21 8.13151629364128e-20 641.635863396033 8.13151629364128e-20 8.13151629364128e-20 58.9329986572266 A
1.54672068878197 1.6835 101700 286.95 -0.5709468126297 5.92855264225953 5 3.44189457904313 5000 0.1905 19.5144653320313 95.463493347168 C
2140.66143327425 2.84636116027832 101462.140625 302.307830810547 -0.794720351696014 55.3812323487544 10 609.245929854376 2461252.4462953 8.13151629364128e-20 1158.48693847656 54.9140129089355 B
2348.69536591542 2.8648 102280 289.23 -0.0262118428945541 45.9367800756926 14 418.203978022504 2100000 8.13151629364128e-20 100.046371459961 63.3251190185547 A
184.833122309445 2.41919994354248 102210 291.429992675781 -0.0372919999063015 14.9769337758759 6 67.9854899885215 163000 8.13151629364128e-20 10 88.6689987182617 A
231.234742972904 0.67184 102970 277.26 -0.0658370032906532 14.6542413145786 9 32.5914485184451 31700 0.015625 8.13151629364128e-20 98.822998046875 B
0.773360344390985 6.0321 100950 280.04 -0.493629515171051 5.30819073458095 7 0.00252935813634931 900 0.2666 29.7679004669189 91.2237930297852 C
12.3737655102558 3.1305 102650 284.9 0.358429998159409 8.14833722584766 6 3.81316878852201 2000 0.00683 4.5 95.0780029296875 C
44.8548999746771 0.25189 102280 279.89 -0.0652724429965019 1.60165145948352 7 7.74301741898087 204000 8.13151629364128e-20 8.13151629364128e-20 62.2586975097656 A
6.28859224127133e-17 0.425009995698929 103020 283.859985351562 0.275510013103485 -13.0078265893034 6 8.13151629364128e-20 8.13151629364128e-20 0.0595133154551509 8.13151629364128e-20 99.1149978637695 C
1225.77614585971 1.31697559356689 101693.1953125 295.693389892578 0.101902589201927 36.8101372709046 8 365.651329274278 1806113.49517942 8.13151629364128e-20 82.4422760009766 57.7517242431641 A
915.658647758926 2.1824 102290 291.26 0.204988554120064 10.9337015199308 16 12.0183737015041 341000 8.13151629364128e-20 25.8892288208008 44.0986824035645 A
2644.11901747278 2.2057 102440 299.63 0.282840013504028 68.3426556737932 12 712.732375191928 3412000 8.13151629364128e-20 59 35.9700012207031 A
2439.95188655356 3.9625 101190 297.3 -0.830851435661316 57.662967745585 14 593.319853595928 1923000 8.13151629364128e-20 295.590179443359 57.668212890625 A
1871.53203342618 1.26090002059937 101560 296.989990234375 -0.108039997518063 40.690299478081 12 463.331391655695 2973646.88311666 8.13151629364128e-20 150 45.685001373291 B
1182.46796657382 1.48598301410675 101966 296.454742431641 0.108439370989799 35.4626757088246 8 349.092287178807 1741932.56622434 0.000701190436098468 336.129821777344 75.6884307861328 A
1904.786528235 2.5096 101300 287.55 0.333110839128494 27.5682044368519 13 236.229238402426 1779000 8.13151629364128e-20 21.3113555908203 54.5525588989258 A
696.024309951886 2.5206 102020 296.4 -0.287079989910126 8.50964694858894 18 12.2762507830309 828000 0.000976999999999992 8.13151629364128e-20 37.4300003051758 A
1832.86401620663 1.33454477787018 101354.140625 299.339569091797 0.187386766076088 41.323905788489 14 439.696011775536 2614745.04649674 8.13151629364128e-20 80.4810943603515 42.6799621582031 A
6.28859224127133e-17 0.20238 101200 281.66 -0.0549133531749249 -8.02990423315675 4 8.13151629364128e-20 8.13151629364128e-20 8.13151629364128e-20 12.6070823669434 73.0327453613281 A
487.217016966321 5.5667200088501 101875.1484375 278.972412109375 0.274679273366928 4.45577705957176 16 0.00546051700127356 66387.6247274757 8.13151629364128e-20 8.13151629364128e-20 83.1509552001953 A
2.32008103317296 1.07799994945526 101390 286.619995117188 0.0198929999023676 -1.6240143060578 6 0.261471081817864 2000 0.198657696050195 8.13151629364128e-20 99.7929992675781 C
350.332236009116 6.8617 102720 278.56 -0.549617230892181 21.8703880153977 13 117.297340659533 92100 1.0088 2.33333325386047 94.2025604248047 C
523.564953152697 5.63466548919678 101010.3984375 280.225463867188 -0.0734569802880287 20.4087332606498 10 178.803299083642 400485.791558713 0.223954924291449 55.4104652404785 89.2621688842773 B
826.722208153963 0.60683 102680 285.15 0.103119805455208 17.1241083173379 14 65.2475550987934 909000 0.001953 0.469135761260986 79.0830383300781 B
0.773360344390985 4.58879995346069 100860 283.850006103516 0.425240010023117 -3.85116135163858 6 0.0112700600090271 200 0.0576810005992871 67 96.3209991455078 A
6.28859224127133e-17 2.5193 101380 277.43 0.193128645420074 4.21509520400731 7 4.06367104167736e-05 800 0.0204999999999997 2.10699582099915 99.5192565917969 B
25.5208913649025 0.32433 102330 282.2 0.0320320017635822 7.15739902481 6 1.55901864202845 18000 8.13151629364128e-20 8.13151629364128e-20 61.9080009460449 A
14.6938465434287 1.6972 101270 293.75 0.0428846031427383 -5.86393925786772 19 8.13151629364128e-20 2000 0.236000000000001 594.504089355469 88.2660675048828 B
1282.23145100025 3.74863958358765 101358.1328125 291.6201171875 0.194308012723923 31.1494216400381 16 193.672714077356 1534048.59349369 8.13151629364128e-20 229.927658081055 40.3015670776367 A
6.28859224127133e-17 6.6318998336792 98118 281.429992675781 -1.30190002918243 -13.8575727401059 18 8.13151629364128e-20 121.620835319637 1.1923865982933 238 90.984001159668 C
2420.61787794378 4.51760005950928 101600 291.559997558594 -0.512160003185272 47.6677671060829 15 470.691398368289 2296950.09852995 8.13151629364128e-20 92 50.7220001220703 A
1.54672068878197 2.6172 101450 289.12 -0.410078704357147 -7.91987896655874 20 8.13151629364128e-20 1000 1.564 217.893280029297 94.9945373535156 B
767.173461635857 4.4298 101670 288.94 0.0157570000737906 15.4097055604324 15 45.072478576061 1099000 0.000976000000000004 8 71.1510009765625 A
1582.29526462396 0.42126 102050 282.47 0.0275365188717842 32.4497294755443 11 236.090537194174 1562000 8.13151629364128e-20 1.1851851940155 43.7330627441406 A
1414.47606989111 4.26760005950928 101470 293.100006103516 -0.0535690002143383 33.2406152567208 9 365.516179501361 1625775.07999053 8.13151629364128e-20 18 64.7490005493164 B
2521.928083059 1.7487 101430 296.2 -0.00145630002953112 50.3097005219201 12 581.342826611461 3039000 8.13151629364128e-20 54 36.8330001831055 A
6.28859224127133e-17 3.5088 101030 289.04 -0.570798814296722 -5.31189239155642 4 8.13151629364128e-20 8.13151629364128e-20 2.311 23.2947540283203 95.0390014648437 C
354.972398075462 2.47010111808777 100983.2734375 281.749633789062 -0.0201228559017181 24.6670179888354 7 179.871055381146 211671.084971238 8.13151629364128e-20 13.7566661834717 99.0457229614258 C
719.225120283616 4.13994932174683 101195.1484375 287.410125732422 -0.321723848581314 11.196165546187 16 13.6614319188737 371167.039887108 8.13151629364128e-20 13.2907619476318 61.8868637084961 A
841.416054697392 4.71571350097656 101156.6640625 285.382171630859 -0.37274181842804 10.9337015199304 16 12.1591834654099 351589.151601672 8.13151629364128e-20 12 64.024284362793 A
2506.46087617118 1.0673 101440 302.31 0.266324162483215 63.0003839555103 13 672.602889171902 3315000 8.13151629364128e-20 61.1064682006836 34.7194023132324 A
6.28859224127133e-17 4.10928821563721 101331.1953125 287.600341796875 0.115800946950912 -7.96420099574138 5 8.13151629364128e-20 8.13151629364128e-20 8.13151629364128e-20 8.13151629364128e-20 38.9821319580078 A
1077.29095973664 3.8037 101820 296.84 -0.731203317642212 17.9484800230871 17 36.9444965988344 1043000 8.13151629364128e-20 24.6868686676025 35.4197692871094 A
6.28859224127133e-17 0.75256 102250 278.57 -0.658539235591888 -6.12879573683404 17 8.13151629364128e-20 8.13151629364128e-20 0.2832 0.366842985153198 94.7928619384766 C
2474.75310205115 2.69704580307007 101878.703125 294.586090087891 0.109062403440475 52.9566532187299 11 608.797511157333 3013125.72077631 0.000722222224378064 81.3606872558593 54.1614608764648 A
1861.4783489491 1.4104 101600 295.93 0.208462879061699 55.4585661898517 14 543.798922120889 2716000 8.13151629364128e-20 978.330383300781 56.7109718322754 B
54.9085844517599 0.60849 102410 282.4 0.128062412142754 2.10109829992087 7 9.62406684581371 224000 8.13151629364128e-20 8.13151629364128e-20 71.9370346069336 A
1956.60167130919 2.7096 102820 288.01 0.296759992837906 46.2119828690343 9 487.81739100274 2280000 8.13151629364128e-20 44 54.3699989318848 A
396.733856672575 0.7528 102600 273.75 0.0891669988632202 11.1200232733968 9 49.3462903477417 288300 8.13151629364128e-20 8.13151629364128e-20 59.060001373291 A
508.097746264877 0.956700026988983 100970 273.809997558594 -0.240950003266335 12.3331988819548 9 72.9886069092219 337743.534964822 8.13151629364128e-20 8.13151629364128e-20 72.6009979248047 B
2.32008103317296 4.761 101950 286.44 0.292216598987579 -4.07633946999414 17 8.13151629364128e-20 5000 8.13151629364128e-20 1.48148155212402 77.7634658813477 B
197.980248164092 3.3589 101400 288.09 -0.413010001182556 65.6380148215678 12 702.124785176421 82000 3.31 28 95.5899963378906 C
1015.42213218536 0.77052 102470 285.83 0.0724359974265099 19.0072343534279 9 181.316725125747 1063000 8.13151629364128e-20 8.13151629364128e-20 66.886001586914 A
764.853380602684 6.54061126708984 101955.359375 286.784149169922 0.0507487766444683 55.8957167659805 14 550.271779862463 2438580.93659692 8.13151629364128e-20 142.070037841797 53.5471687316895 A
6.28859224127133e-17 2.3222 102550 273.49 -0.0256270002573729 -13.3308577891159 6 8.13151629364128e-20 300 0.001953 8.13151629364128e-20 44.8800010681152 A
97.4434033932641 1.1415 102870 273.15 0.00770704075694084 3.32979358218627 8 4.40485390992575 114700 8.13151629364128e-20 8.13151629364128e-20 35.0521965026856 A
333.318308432515 1.495 102540 284.34 -0.0850602835416794 18.5843429772407 7 78.2556665835718 637000 8.13151629364128e-20 3.67763018608093 94.0413284301758 A
191.793365408964 5.172 101730 285.95 0.196417778730392 18.1512227994357 14 79.1757827982015 740000 8.13151629364128e-20 7.65432071685791 74.596908569336 C
1047.90326664978 2.2019 101490 286.06 0.456120014190674 35.2711355812144 15 263.725371744093 1647000 8.13151629364128e-20 116 68.8550033569336 A
2215.67738668017 3.04731869697571 101447.609375 302.914489746094 -0.63459974527359 62.8346337891421 11 681.617584320208 3043515.10804529 8.13151629364128e-20 1407.00573730469 55.1444892883301 B
194.886806786528 1.92300498485565 100934.890625 296.823059082031 -0.111556299030781 3.8549387761001 19 0.241437770774198 8.13151629364128e-20 0.207629411992961 834.472961425782 74.8736190795898 B
2130.60774879716 2.1643 102210 292.92 0.112389996647835 33.2259040072783 12 350.78188447363 2247000 8.13151629364128e-20 56 47.6860008239746 A
6.28859224127133e-17 2.00626301765442 102380.6953125 282.687561035156 0.0891781076788902 1.44373262149545 5 0.000277352459991676 8.13151629364128e-20 8.13151629364128e-20 8.13151629364128e-20 48.6509475708008 A
47.1749810078501 2.542799949646 101640 290.290008544922 -0.249530002474785 8.1483372258474 6 22.0206952748476 4000 0.543036654222696 146 97.7850036621094 B
6.28859224127133e-17 5.2067 101730 284.6 0.281169354915619 -5.19272863989938 17 8.13151629364128e-20 1000 8.13151629364128e-20 0.864197492599487 75.7764434814453 B
808.93492023297 2.8376042842865 100881.78125 293.923309326172 -0.503001987934113 57.6985222345653 10 626.132874962764 1129563.58838 0.499670274956318 685.007568359375 78.2851181030273 C
13.1471258546468 2.85608530044556 101488.0078125 288.368835449219 -0.683521747589111 -2.85034881992931 20 8.13151629364128e-20 9603.10465432075 1.15150088762317 194.774810791016 92.5145874023438 B
1788.00911623196 2.0809 102410 292.72 0.220786094665527 27.7175492603913 16 150.053996986189 1456000 0.000979999999999981 10.6357488632202 48.9977722167969 A
34.0278551532033 9.05295944213867 101528.984375 283.036010742188 -0.118666455149651 -1.76334077316617 7 0.570692093281987 150238.113645444 8.13151629364128e-20 8.13151629364128e-20 44.7463073730469 B
254.435553304634 3.8627 101860 281.86 -1.33959996700287 22.2323891891496 12 150.131653734292 85999.9999999999 0.827999999999999 8 98.2269973754883 C
6.28859224127133e-17 5.3673 101110 280.88 -0.602983295917511 -4.62859010059063 17 8.13151629364128e-20 8.13151629364128e-20 8.13151629364128e-20 8.13151629364128e-20 85.1517562866211 C
2272.13269182071 4.6255 101250 304.52 0.00563075393438339 52.9275508855757 13 595.195984138016 3060000 8.13151629364128e-20 181.255310058594 33.7957305908203 A
1149.98683210939 1.4295 102280 278.76 0.226655468344688 26.8538439761317 10 156.075098279017 1306000 8.13151629364128e-20 0.444444477558136 47.4879608154297 A
6.28859224127133e-17 2.47560000419617 101680 284.700012207031 -0.249070003628731 -13.4091340602516 18 8.13151629364128e-20 328.107926492639 0.0880092219493751 26 98.3639984130859 C
108.270448214738 3.2004 102960 272.07 0.0892894119024277 29.1880726953099 11 194.947776587553 573500 0.021 19.2681694030762 98.8156280517578 B
6.28859224127133e-17 2.3784 101790 282.26 0.176094695925713 2.60499989783164 5 0.0231877936717254 1000 0.011000000000001 2.13650798797607 97.3183822631836 B
2198.66345910357 2.53105545043945 102010 297.283660888672 -0.0387854017317295 56.8824391840116 10 621.318876316775 2661689.72655697 0.270908250046674 1093.5029296875 72.254623413086 A
417.614585971132 2.7276 101330 290.24 -0.732680022716522 11.7564345932473 18 30.0096804191516 139000 1.147 264 93.6210021972656 B
2504.9141554824 4.351 101040 287.27 -0.0616351962089539 53.6726668384708 14 518.884750319003 572000 1.1672 411.419830322266 89.1408157348633 B
6.28859224127133e-17 0.37914 102870 277.41 0.135830000042915 -15.5271751913829 18 8.13151629364128e-20 8.13151629364128e-20 8.13151629364128e-20 8.13151629364128e-20 53.1300010681152 A
295.423651557356 3.5205 102020 284.31 -0.488753318786621 29.6527091376613 13 271.143074144148 109000 1.0605 64.1246948242188 97.5419769287109 C
479.483413522411 3.1975 101150 285.12 -0.0841780006885529 13.0078265893034 18 37.2193426159357 67000 0.167999999999999 31 92.5019989013672 B
2488.67358825019 1.67009997367859 101890 299.470001220703 0.0311319995671511 52.2649130510501 12 601.44533478108 3506844.88346286 8.13151629364128e-20 44 21.6380004882813 A
1090.43808559129 1.701 102250 273.69 0.0496460013091564 12.1280428496836 15 15.7688047177154 822000 8.13151629364128e-20 4 75.6080017089844 A
6.28859224127133e-17 1.73520004749298 101970 279.519989013672 -0.451579988002777 -10.7542413525072 6 8.13151629364128e-20 8.13151629364128e-20 8.13151629364128e-20 8.13151629364128e-20 83.0210037231445 C
200.300329197265 1.4575 101720 287.39 -0.617566585540771 21.7098418251422 14 129.898187675364 394000 0.4414 294.023773193359 89.1665878295898 B
139.978222334768 1.4293999671936 101430 288.760009765625 0.219500005245209 15.7416872089191 6 74.7934158025802 262000 8.13151629364128e-20 8.13151629364128e-20 69.4349975585938 A
320.944542922259 1.4729 102460 265.29 0.000140189993544482 15.7501862194133 9 38.1212120830755 196600 8.13151629364128e-20 8.13151629364128e-20 83.8850021362305 A
1527.3866801722 5.31969976425171 101690 298.929992675781 -0.608169972896576 43.1611418206345 15 445.455871130155 2519084.28337927 8.13151629364128e-20 74 51.4370002746582 A
6.28859224127133e-17 1.41435480117798 101456.75 285.826293945312 0.108234763145447 -9.02226488889668 20 8.13151629364128e-20 4498.63836436918 8.13151629364128e-20 8.13151629364128e-20 83.5163650512695 C
6.28859224127133e-17 1.57620406150818 101343.171875 273.725860595703 0.0114174969494343 -1.74624968445184 5 8.13151629364128e-20 8.13151629364128e-20 8.13151629364128e-20 8.13151629364128e-20 74.4354400634766 A
6.28859224127133e-17 4.22766160964966 100720.65625 279.540191650391 0.117889791727066 -6.02121101122639 4 8.13151629364128e-20 8.13151629364128e-20 8.13151629364128e-20 8.13151629364128e-20 81.6023864746094 B
2177.78272980501 2.2183 102400 298.62 0.135089993476868 36.8299594692143 12 407.158636944176 2470000 8.13151629364128e-20 32 31.6140003204346 A
6.28859224127133e-17 4.3479 102120 277.92 -1.14211988449097 2.80034723037594 8 0.542579244215069 6700.00000000001 0.9 58.0960731506348 85.5321807861328 C
1968.97543681945 1.57647383213043 101870.7734375 290.165344238281 -0.0768455564975739 34.9354396379764 10 404.934297083487 1781263.33114998 8.13151629364128e-20 11.1066131591797 46.3225288391113 A
293.103570524183 1.574 102940 280.58 0.0214550979435444 16.7591442455262 10 93.8782214036526 237060 0.00879999999999992 9.41716384887695 98.9480285644531 B
1142.25322866548 4.015 101600 289.35 0.0997188687324524 53.3621345980248 10 592.740780604539 2392000 0.00099999999999989 136.141189575195 83.593864440918 A
57.2286654849329 5.6824 101430 282.13 0.217289999127388 31.7954369675996 15 219.10507834494 433400 0.0370999999999988 22 93.9150009155273 B
316.304380855913 0.8121 101630 279.87 -0.0376579985022545 11.6974740973397 9 60.9880210087721 374000 8.13151629364128e-20 8.13151629364128e-20 74.2620010375977 B
2427.5781210433 4.638 102410 293.33 0.101412013173103 65.1711930449919 13 679.093556513989 3415000 0.000979999999999995 100.988403320312 47.748104095459 B
832.1357305647 3.91679358482361 101629.515625 292.151794433594 0.12814262509346 64.9692279708706 13 660.374923272437 2418074.01103225 0.00171785160076268 268.404327392578 60.8713989257812 B
1641.07065079767 2.6037 102530 292.77 0.201399996876717 20.9547447514159 15 115.189443572823 1204000 8.13151629364128e-20 12 74.0390014648438 A
376.62648771841 0.48005 102650 285.01 0.190278917551041 12.0904771870491 8 93.591033389839 735000.000000001 8.13151629364128e-20 1.06959712505341 82.5041961669922 A
2564.46290200051 1.88782644271851 101694.578125 295.674438476562 0.110696703195572 64.4278909812255 11 678.711387977894 3305960.87893626 8.13151629364128e-20 267.682220458984 47.6664581298828 A
1318.57938718663 1.29463028907776 100563.734375 288.970001220703 -0.782664895057678 45.1217686205397 11 530.51090643931 311354.755661225 0.810474875178121 386.469970703125 94.0676574707031 B
77.3360344390985 2.90359997749329 101950 288.380004882812 0.0521240010857582 10.2217015341873 6 33.0493828857839 8600.00000000001 0.0749759786518893 67 99.4970016479492 B
22.4274499873386 0.7343 101640 284.73 -0.0558136478066444 6.28008139661149 5 4.75560790769279 7999.99999999999 8.13151629364128e-20 8.13151629364128e-20 62.3690910339356 B
804.294758166624 1.93943953514099 101861.7421875 288.328918457031 0.127352207899094 20.9435521392688 8 193.479060779031 1071477.18684087 8.13151629364128e-20 0.518059909343719 66.5408782958984 A
662.769815143074 1.0641 100860 292.9 -0.314619690179825 57.6215905617783 14 582.879531029525 1863000 0.00879999999999903 704.769470214844 66.3227157592773 B
623.328437579134 8.5222 101970 285.44 0.572499990463257 24.5830374255234 12 200.745318606018 1166000 8.13151629364128e-20 12 64.870002746582 B
25.5208913649025 5.8776 101400 288.5 -0.0836584866046906 5.8661777990219 5 3.26166421886228 45000 8.13151629364128e-20 0.454448699951172 38.217903137207 B
548.312484173208 3.7757 101830 292.22 -0.0694490000605583 11.3659284956257 18 27.708631474713 661000 0.00589999999999957 178 80.7289962768555 A
77.3360344390985 4.27430009841919 99616 282.739990234375 -0.997179985046387 10.6673209217907 15 9.46352983815717 44030 8.13151629364128e-20 8.13151629364128e-20 82.6480026245117 C
596.260825525449 3.7684 102320 281.19 -0.134262472391129 39.0925622186579 13 332.164669032593 2175000 0.001953 58.0635948181152 61.5458488464356 A
80.4294758166624 4.2047 100460 281.7 0.427029997110367 12.0399363744923 6 27.7367447475137 69000 0.002 8.13151629364128e-20 80.8349990844727 A
1313.93922512028 1.9746 102160 290.45 0.103969037532806 36.5115846349837 8 361.40059942433 1849000 8.13151629364128e-20 34.4090270996094 43.7666282653809 A
2268.26589009876 4.9779 102440 292.13 0.15796834230423 55.6161360913798 13 620.57053886728 3004000 8.13151629364128e-20 135.189300537109 54.8831977844238 A
6.28859224127133e-17 5.6225 100750 273.41 0.597208201885223 -1.13258823639491 7 8.13151629364128e-20 8.13151629364128e-20 0.000240000000000018 8.13151629364128e-20 71.8848495483398 A
6.28859224127133e-17 1.06862878799438 101827.5859375 275.862762451172 0.0841792672872543 -4.01582437958345 7 0.00210350637651079 65463.8943047802 0.00739964671424766 8.13151629364128e-20 94.358283996582 B
1876.94555583692 1.1447 103350 285.95 0.322754114866257 41.8487872492732 10 379.193144782198 2234000 8.13151629364128e-20 9.1742115020752 48.1267280578613 A
2009.19017472778 1.7454 100980 292.93 -0.139190003275871 68.7918731153209 12 707.054949926809 2220000 1.125 1006 68.9349975585938 B
2440.72524689795 1.07102870941162 101866.796875 305.067810058594 0.285833895206451 55.941438689027 14 593.170398597606 3265830.5990879 8.13151629364128e-20 58.0102081298828 23.313684463501 A
109.81716890352 1.67700004577637 101400 285.529998779297 0.168939992785454 15.4466309517243 6 66.8638521536224 242000 8.13151629364128e-20 8.13151629364128e-20 41.0519981384277 A
498.044061787794 2.4385 102510 286.42 0.104247123003006 26.3129981820069 7 211.872765155358 1299000 8.13151629364128e-20 19.8254280090332 79.0878448486328 A
2.32008103317296 1.6955 101880 288.87 0.104930073022842 -8.14087934400193 20 8.13151629364128e-20 2000 8.13151629364128e-20 104.118110656738 85.0543365478515 A
2.32008103317296 1.812 101360 291.6 -0.196909427642822 -9.06177570822662 20 8.13151629364128e-20 1000 8.13151629364128e-20 8.13151629364128e-20 43.4091758728027 A
6.28859224127133e-17 1.82194709777832 101140.09375 276.515472412109 0.455364555120468 -4.87562694320772 4 8.13151629364128e-20 8.13151629364128e-20 0.000219976351516459 8.13151629364128e-20 95.3518142700195 A
184.833122309445 2.30261969566345 101883.5234375 284.80078125 0.746863782405853 5.17014670905951 17 0.255417254061251 145555.365074205 8.13151629364128e-20 11.7127265930176 59.3158226013183 B
385.133451506711 2.2414 102520 290.44 0.350536227226257 2.50363918714532 17 4.52499461586931e-05 217000 8.13151629364128e-20 3.54285717010498 73.0154876708985 A
6.28859224127133e-17 1.0796 101690 273.8 -0.0986090004444122 -16.1955268633983 6 8.13151629364128e-20 500 8.13151629364128e-20 8.13151629364128e-20 79.3249969482422 A
120.644213724994 1.84257411956787 100583.953125 274.675537109375 -0.500783443450928 17.5603788412819 14 70.8350929069142 97678.4581381995 1.00752262438033 3.92999458312988 99.0174255371094 C
6.28859224127133e-17 0.36383 102110 282.62 0.428936302661896 -5.64248092564312 4 8.13151629364128e-20 8.13151629364128e-20 8.13151629364128e-20 8.13151629364128e-20 68.7213668823242 A
1610.90959736642 4.83594179153442 101391.921875 293.654663085938 0.169173955917358 50.4568489663328 14 550.914074311499 1729796.70520288 0.0354668742100243 104.331443786621 71.6694564819336 B
6.28859224127133e-17 4.925 100940 272.7 0.0791614949703217 3.19589493836686 8 0.251077469001281 8.13151629364128e-20 0.134999999999998 23.3333339691162 93.718994140625 C
67.2823499620157 2.14590001106262 101830 292.480010986328 0.325890004634857 -3.16153049334865 18 8.13151629364128e-20 259285.210920999 8.13151629364128e-20 8.13151629364128e-20 35.689998626709 B
1137.61306659914 7.09629154205322 100833.3359375 296.042388916016 -0.242536187171936 35.0647661196624 8 344.402706502692 1702575.09275871 8.13151629364128e-20 43.5814476013184 62.4658737182617 A
17.0139275766017 0.80732 101520 285.16 0.154234886169434 4.62859010059029 5 2.34270825565787 32000 8.13151629364128e-20 8.13151629364128e-20 97.0409851074219 A
1693.65915421626 3.069 102520 295.48 0.296050876379013 31.0457620909074 10 352.678043205182 2028000 8.13151629364128e-20 14.4444446563721 43.7183685302734 A
238.194986072423 2.0464 101190 284.58 0.0521989986300468 14.1493609919217 15 33.0581696841254 144700 0.132000000000001 8.13151629364128e-20 97.7429962158203 C
1160.81387693087 3.2144 102320 298.08 0.5612633228302 15.1190615205924 16 46.7534852040693 730000 8.13151629364128e-20 30.8681182861328 26.8952674865723 A
843.736135730565 6.5487 100780 288.03 0.247442096471786 21.1643583845444 17 64.600796692072 645000 8.13151629364128e-20 27.6771278381348 53.4120979309082 B
155.445429222588 3.8098 102470 280.91 0.599680006504059 15.9152011912042 6 73.1178268845213 230800 8.13151629364128e-20 1 71.6699981689453 A
6.28859224127133e-17 2.268 101450 283.09 -0.0868794471025467 -4.62187975650956 5 8.13151629364128e-20 8.13151629364128e-20 8.13151629364128e-20 8.13151629364128e-20 75.4193344116211 B
1144.57330969866 3.99580001831055 101870 290.420013427734 0.0185020007193089 27.0420508756052 9 292.41734877924 1157254.82984139 8.13151629364128e-20 4 63.6310005187988 B
6.28859224127133e-17 1.74370002746582 100270 276.589996337891 -0.138139992952347 -15.2256622232999 6 8.13151629364128e-20 500 0.0290974332449398 8.13151629364128e-20 86.859001159668 C
1695.20587490504 4.0118 102530 284.21 -0.493836343288422 24.9027421468806 13 147.368023459078 1389000 8.13151629364128e-20 8.13151629364128e-20 56.9223251342773 A
1211.85565966067 3.61202430725098 101776.96875 300.792175292969 0.427077502012253 36.7183511081327 16 323.176265440569 1971539.58287389 8.13151629364128e-20 913.513916015625 52.6360359191895 A
406.787541149658 4.3042 102980 281.78 -0.0859584957361221 21.0737522136463 13 111.711491145345 323590 0.0235000000000003 6.82982301712036 96.2089004516601 B
6.18688275512788 0.374179989099503 102130 283.380004882812 0.160370007157326 -1.06021898999342 6 0.44488848270007 7999.99999999999 8.13151629364128e-20 8.13151629364128e-20 63.9930000305176 A
2852.92631045834 2.8682 102100 295.27 -0.335290014743805 67.8022753071214 12 711.308292897389 3483000 8.13151629364128e-20 115 48.8740005493164 A
640.342365155736 2.2538 102010 290.96 0.63305002450943 16.0653728486161 18 44.2892791117291 1049000 8.13151629364128e-20 12 55.1240005493164 A
228.914661939732 6.56479978561401 99876 276.929992675781 0.433789998292923 10.9569394001727 15 10.8646500490278 146000 0.06201 6 66.6480026245117 B
371.212965307673 2.5855 101760 277.14 0.0605150014162064 11.3356221348534 15 11.9735156215005 622000 8.13151629364128e-20 8.13151629364128e-20 50.0299987792969 A
1438.45024056723 1.6418 101930 294.71 0.0389599986374378 38.3476427894478 9 419.729975425131 1907000 8.13151629364128e-20 14 77.3280029296875 A
6.28859224127133e-17 5.4409 102130 279.4 -0.518069982528687 -16.1379719797741 18 8.13151629364128e-20 8.13151629364128e-20 1.922 36 94.484001159668 C
953.553304634085 0.64397 101900 283.63 0.130967497825623 30.3881263039345 8 240.82733659592 1453000 8.13151629364128e-20 11.8262825012207 44.9770927429199 A
6.28859224127133e-17 1.53721499443054 101478.125 291.106719970703 0.421296805143356 -13.5294696997458 20 8.13151629364128e-20 9882.28402295637 0.00030354018294611 8.13151629364128e-20 45.852409362793 A
1106.6786528235 2.4539 102980 287.59 -0.0363902151584625 41.5576216145977 14 360.582920093967 2483000 8.13151629364128e-20 220.624114990234 40.0999450683594 A
98.9901240820461 0.99763 101570 278.79 0.0280712842941284 3.78483099304909 8 7.33859566168523 135400 8.13151629364128e-20 8.13151629364128e-20 73.0624847412109 B
63.4155482400608 3.39767336845398 100856.890625 277.149322509766 0.119719035923481 23.6587001554845 7 161.717449481769 144197.945776927 0.200679056442527 4.93855142593384 96.8184967041016 C
663.543175487465 2.4787 103290 281.28 0.460537254810333 21.4614795561452 13 131.53805875443 1232000 0.000969999999999998 2.96296286582947 82.7261505126953 B
6.28859224127133e-17 5.6929 102700 279.11 -0.541810870170593 -5.39765682719101 17 8.13151629364128e-20 8.13151629364128e-20 0.744999999999999 3.66666674613953 94.547477722168 C
1254.39047860218 7.4058 101100 290.1 0.703082144260406 20.9547361488364 17 62.4978559594354 1201000 8.13151629364128e-20 19.3454971313477 35.651912689209 A
829.042289187136 0.20068 101670 295.23 -0.617604613304138 38.1178774562558 14 392.043774561411 636000 0.2343 495.699584960937 68.8447723388672 C
1328.63307166371 4.46549654006958 102379.3984375 292.938629150391 -0.464883267879486 21.9686438546084 17 73.4546614878716 760268.838031719 0.000874330471980552 20.4291687011719 32.3666687011719 A
834.455811597873 2.3652 101780 292.14 0.088842861354351 41.2220438568929 11 484.201261338542 994999.999999999 1.2021 566.341979980469 91.0729446411133 C
271.449480881236 3.8102 101860 289.11 0.0423582904040813 5.69527158469708 19 0.00587289304358589 41000 8.13151629364128e-20 21.7817459106445 44.9030532836914 A
2555.95593821221 3.86418485641479 102373.3359375 293.340972900391 0.220286518335342 59.3084584980074 11 617.906972312056 3164888.6439536 8.13151629364128e-20 88.5961685180664 32.3593559265137 A
2721.45505191188 2.22420001029968 101670 295.480010986328 0.262849986553192 65.2125016121287 12 699.960140946084 3725431.00091421 8.13151629364128e-20 52 60.8600006103516 A
1078.83768042542 1.2528 101280 295.43 -0.288100004196167 47.7359592013804 15 454.632879107298 2649000 2.2647 1404 66.5540008544922 B
2788.73740187389 2.5573 101630 299.21 -0.0224485471844673 63.3451429188222 13 674.172422013282 3271000 8.13151629364128e-20 145.851226806641 39.597110748291 A
664.316535831856 5.93805599212646 101423.328125 282.650207519531 0.495702713727951 24.9686427674889 17 113.822231963246 449454.847033456 0.224848430532693 134.968536376953 77.8496017456055 B
325.584704988605 0.6692 102510 275.82 -0.00962885655462742 9.5026638556977 8 63.548256280435 602000.000000001 8.13151629364128e-20 8.13151629364128e-20 67.7388076782226 A
6.28859224127133e-17 0.3046 102630 282.58 0.103865385055542 -9.11320874003558 5 8.13151629364128e-20 8.13151629364128e-20 8.13151629364128e-20 8.13151629364128e-20 74.3288879394531 A
6.28859224127133e-17 3.4077 101410 291.8 -0.313430070877075 -18.5647773963702 20 8.13151629364128e-20 8.13151629364128e-20 8.13151629364128e-20 11.8429412841797 71.7827377319336 B
136.111420612813 2.7857 101110 286.31 -0.323256611824036 34.6291155932522 8 339.141700834902 37000 3.603 60.6895523071289 94.8886260986328 C
307.797417067612 1.4246 103100 273.34 0.1822399944067 19.3576908499803 9 64.0121989982494 392100 8.13151629364128e-20 8.13151629364128e-20 44.1339988708496 A
6.28859224127133e-17 0.502539992332458 102140 278.029998779297 -0.119549997150898 -10.4371391095314 18 8.13151629364128e-20 5191.45492927844 8.13151629364128e-20 8.13151629364128e-20 53.1959991455078 B
833.682451253482 3.3652 101790 282.16 -0.226003587245941 43.9635207473458 14 392.392889780295 248000 0.1748 45.0012702941895 95.865104675293 C
2031.61762471512 1.7584 101800 304.68 0.078687995672226 46.0435164511308 14 501.517151733194 2844000 8.13151629364128e-20 743.220581054688 41.7884521484375 A
44.8548999746771 0.96304 101610 288.53 -0.173901215195656 24.7947680633249 7 182.172317901596 377000 1.93067 388.965270996094 86.9268341064453 C
6.28859224127133e-17 6.46840000152588 100810 282.630004882812 -1.3429000377655 -13.4864077998161 6 8.13151629364128e-20 8.13151629364128e-20 1.51404409279735 46 97.463996887207 C
6.28859224127133e-17 5.292 101460 281.84 -0.512869715690613 -6.18615656610721 7 8.13151629364128e-20 8.13151629364128e-20 0.402999999999999 7.7339563369751 91.7583465576172 B
680.557103064067 0.70395 103730 273.96 -0.224464908242226 17.4130881983323 10 79.7146113123361 855400 8.13151629364128e-20 8.13151629364128e-20 64.4644622802734 A
109.81716890352 4.6224 102240 278.41 -1.12608432769775 16.7666634572876 10 85.4187336295712 153100 0.137 70.8744201660156 89.1296234130859 C
6.28859224127133e-17 5.1383 102640 280.2 -0.0145460003986955 -15.9401094083891 6 8.13151629364128e-20 8.13151629364128e-20 8.13151629364128e-20 8.13151629364128e-20 85.8939971923828 A
275.316282603191 3.8784 100700 287.65 -0.776120007038116 47.8201764637043 15 458.638698389785 582000 1.275 70 94.7570037841797 C
914.885287414535 9.16685104370117 101072.921875 293.242156982422 0.463704437017441 32.9693870388922 13 326.052760460058 1986603.11300596 8.13151629364128e-20 28.4579849243164 56.7579460144043 A
6.28859224127133e-17 5.8973 101170 272.15 -0.250066101551056 -5.87156285566357 17 8.13151629364128e-20 8.13151629364128e-20 0.119 31.3333339691162 89.239860534668 B
2419.84451759939 4.4433 102330 287.48 -0.135380923748016 48.3578350064194 11 467.011736656742 2613000 8.13151629364128e-20 50.9287757873535 33.3389205932617 A
600.900987591795 1.58480000495911 101180 278.5 -0.666649997234344 23.903223303045 12 187.519887066516 137952.847434556 0.648690969370688 24 96.7009963989258 C
1663.49810078501 1.9858 101930 292.88 -0.132455229759216 25.4780373976593 14 188.710700490217 1760000 8.13151629364128e-20 43.9847450256348 48.2423896789551 A
6.28859224127133e-17 3.2526 100090 273.97 0.0248639993369579 10.6833260615889 9 28.3156440631012 5100 0.709 8.13151629364128e-20 98.3310012817383 C
879.31071157255 2.1358 102660 284.6 -0.198896825313568 44.6316459113543 14 401.15973574104 314900 0.190000000000001 5.6625509262085 98.7757797241211 C
1611.68295771081 1.2059 101600 294.44 -0.118083819746971 38.5172466174742 11 448.801004910937 1779000 8.13151629364128e-20 70.2131576538086 49.7844467163086 B
2204.8503418587 3.93359994888306 101810 298.75 -0.0786219984292984 47.0948610094481 15 472.874672590795 2133742.00900501 0.115418178306439 996 63.9609985351563 A
2095.03317295518 1.24891829490662 101518 296.877471923828 0.318389773368835 34.8757740494774 16 314.89046746342 1972574.07095533 8.13151629364128e-20 25.3935813903809 54.3043327331543 A
1081.93112180299 4.6012 103610 277.27 0.807733297348022 21.2261005042453 11 124.758537770635 1185500 8.13151629364128e-20 13.3333330154419 74.5278701782227 A
6.96024309951886 2.9694 101710 290.54 -0.218459993600845 0.0707343236372793 6 1.13262411200487 6000 0.06836 144 88.7559967041015 B
6.28859224127133e-17 0.9235 103630 274.34 0.232160329818726 0.89257854096728 7 8.13151629364128e-20 300 0.00195000000000001 8.13151629364128e-20 92.5388793945312 B
2549.76905545708 4.22331523895264 101710.4765625 294.769653320312 -0.0590895712375641 44.4100197846134 14 481.454306598601 1823765.19813719 0.00660958740007459 129.483581542969 75.4120864868164 A
